Workbook

Sheet customers_clean
A1: customer_id | B1: customer_name | C1: email | D1: phone | E1: country | F1: signup_date
A2: 770487 | B2: Joseph Brown | C2: joseph.brown760@example.com | D2: 428-342-2679 | E2: Spain | F2: 45063
A3: 809570 | B3: Helen Lopez | C3: helen.lopez605@example.com | D3: 230-295-4582 | E3: Brazil | F3: 44627
A4: 343962 | B4: Eric Cox | C4: eric.cox28@example.com | D4: 425-659-5557 | E4: Germany | F4: 45421
A5: 948749 | B5: James Lee | C5: james.lee715@example.com | D5: 484-359-4527 | E5: Brazil | F5: 45258
A6: 900581 | B6: Carol Wilson | C6: carol.wilson95@example.com | D6: 567-552-5333 | E6: India | F6: 44760
A7: 946335 | B7: Jennifer Collins | C7: jennifer.collins550@example.com | D7: 280-765-5803 | E7: Canada | F7: 45337
A8: 969693 | B8: Samuel Richardson | C8: samuel.richardson907@example.com | D8: 921-271-1750 | E8: Australia | F8: 44955
A9: 793384 | B9: Sandra Nguyen | C9: sandra.nguyen82@example.com | D9: 589-484-8428 | E9: France | F9: 44768
A10: 766563 | B10: Edward Lee | C10: edward.lee380@example.com | D10: 886-473-2169 | E10: Australia | F10: 44991
A11: 738720 | B11: Samantha Perez | C11: samantha.perez547@example.com | D11: 673-588-5422 | E11: France | F11: 44896
A12: 771088 | B12: Patrick Bailey | C12: patrick.bailey225@example.com | D12: 434-232-6168 | E12: Netherlands | F12: 44676
A13: 520651 | B13: Andrew Rodriguez | C13: andrew.rodriguez217@example.com | D13: 871-711-7482 | E13: Netherlands | F13: 44997
... A60: 442027 | B60: Stephanie Hughes | C60: stephanie.hughes303@example.com | D60: 630-880-7211 | E60: United Kingdom | F60: 44954
A61: 810219 | B61: Matthew Ward | C61: matthew.ward583@example.com | E61: Italy | F61: 45393
A62: 400850 | B62: Mark Parker | C62: mark.parker805@example.com | D62: 652-652-4501 | E62: Netherlands | F62: 45514
A63: 636004 | B63: Gary Perez | C63: gary.perez675@example.com | D63: 727-879-6491 | E63: United States | F63: 45143
A64: 197923 | B64: Steven Gray | C64: steven.gray318@example.com | D64: 350-225-1757 | E64: France | F64: 44969
A65: 356736 | B65: Gary Ward | C65: gary.ward871@example.com | D65: 624-844-4185 | E65: United States | F65: 45494
A66: 853240 | B66: Rachel Roberts | C66: rachel.roberts507@example.com | D66: 351-871-1090 | E66: India | F66: 45061
A67: 887443 | B67: Susan Diaz | C67: susan.diaz225@example.com | D67: 675-251-5082 | E67: United Kingdom | F67: 45622
A68: 989545 | B68: Jessica Collins | C68: jessica.collins137@example.com | D68: 772-809-6198 | E68: Mexico | F68: 45649
A69: 891937 | B69: Ryan Ward | C69: ryan.ward835@example.com | D69: 362-961-8777 | E69: Brazil | F69: 45475
A70: 571932 | B70: Kimberly Young | C70: kimberly.young861@example.com | D70: 696-841-4919 | E70: Spain | F70: 45629
A71: 387936 | B71: Ryan Martinez | C71: ryan.martinez731@example.com | D71: 478-543-6238 | E71: Italy | F71: 45042
A72: 666390 | B72: David Moore | C72: david.moore155@example.com | D72: 910-356-4505 | E72: France | F72: 45346
A73: 167348 | B73: Rebecca Evans | C73: rebecca.evans339@example.com | D73: 263-411-7883 | E73: Mexico | F73: 45413
... A82: 801978 | B82: Joseph Reed | C82: joseph.reed971@example.com | D82: 916-462-7043 | E82: Germany | F82: 45514
A83: 275939 | B83: Nicole Cox | C83: nicole.cox987@example.com | E83: Canada | F83: 44897
A84: 427110 | B84: Brenda Gray | C84: brenda.gray930@example.com | D84: 932-403-2245 | E84: India | F84: 45374
A85: 720859 | B85: Patrick Watson | C85: patrick.watson249@example.com | D85: 900-814-2983 | E85: Canada | F85: 45179
A86: 934904 | B86: Justin Garcia | C86: justin.garcia356@example.com | D86: 270-718-6590 | E86: Brazil | F86: 45320
A87: 113266 | B87: Rebecca Morales | C87: rebecca.morales109@example.com | D87: 850-670-3506 | E87: Brazil | F87: 45303
A88: 556641 | B88: Matthew Gutierrez | C88: matthew.gutierrez989@example.com | D88: 676-646-5397 | E88: Spain | F88: 45552
A89: 437960 | B89: Ashley Lopez | C89: ashley.lopez286@example.com | D89: 968-675-7209 | E89: Mexico | F89: 45061
A90: 452737 | B90: Patricia Murphy | C90: patricia.murphy872@example.com | D90: 699-417-6813 | E90: Netherlands | F90: 44934
A91: 936587 | B91: Kimberly Baker | C91: kimberly.baker287@example.com | D91: 729-395-2402 | E91: Spain | F91: 44582
A92: 353080 | B92: Jason Morales | C92: jason.morales569@example.com | D92: 861-928-9041 | E92: France | F92: 45537
A93: 569945 | B93: John Lopez | C93: john.lopez302@example.com | E93: France | F93: 45390
A94: 796212 | B94: Scott Mitchell | C94: scott.mitchell485@example.com | D94: 963-763-6419 | E94: Australia | F94: 45433
A95: 468900 | B95: Rachel Collins | C95: rachel.collins278@example.com | D95: 436-323-4155 | E95: Italy | F95: 45076
A96: 430876 | B96: Jessica Morgan | C96: jessica.morgan974@example.com | D96: 421-956-8933 | E96: United Kingdom | F96: 44954
A97: 389930 | B97: Pamela Ortiz | C97: pamela.ortiz612@example.com | D97: 398-503-4727 | E97: Italy | F97: 44767
A98: 478411 | B98: Matthew Hill | C98: matthew.hill15@example.com | D98: 246-255-5786 | E98: United Kingdom | F98: 45123
A99: 831295 | B99: Thomas Brooks | C99: thomas.brooks890@example.com | D99: 212-787-5658 | E99: Japan | F99: 44772
A100: 592198 | B100: Kathleen Cruz | C100: kathleen.cruz349@example.com | D100: 458-689-2869 | E100: United Kingdom | F100: 44667
A101: 962050 | B101: William Phillips | C101: william.phillips504@example.com | D101: 355-352-5978 | E101: United States | F101: 44671
A102: 189318 | B102: Ashley Thomas | C102: ashley.thomas572@example.com | D102: 994-735-7232 | E102: Brazil | F102: 45024
A103: 572398 | B103: Ryan Hill | C103: ryan.hill881@example.com | D103: 782-835-1986 | E103: Brazil | F103: 45187
A104: 739244 | B104: Richard Clark | C104: richard.clark641@example.com | D104: 876-283-3573 | E104: Germany | F104: 45103
A105: 351516 | B105: Matthew Peterson | C105: matthew.peterson77@example.com | D105: 618-661-8699 | E105: United Kingdom | F105: 44567
... A123: 389666 | B123: Rebecca Baker | C123: rebecca.baker957@example.com | D123: 489-943-5891 | E123: Spain | F123: 44567
A124: 978157 | B124: Pamela Howard | C124: pamela.howard676@example.com | E124: Japan | F124: 44866
A125: 461888 | B125: Brian Peterson | C125: brian.peterson782@example.com | D125: 529-393-4912 | E125: India | F125: 45494
A126: 699573 | B126: Deborah Robinson | C126: deborah.robinson877@example.com | D126: 525-962-8749 | E126: Brazil | F126: 44651
A127: 839485 | B127: Ronald Roberts | C127: ronald.roberts680@example.com | D127: 237-329-9229 | E127: United Kingdom | F127: 45576
A128: 718849 | B128: Brian Gonzalez | C128: brian.gonzalez896@example.com | D128: 738-667-1251 | E128: Mexico | F128: 44766
A129: 857537 | B129: Charles Evans | C129: charles.evans892@example.com | D129: 680-471-6546 | E129: United Kingdom | F129: 44715
A130: 753534 | B130: Patrick Gomez | C130: patrick.gomez666@example.com | D130: 890-746-7226 | E130: United States | F130: 45234
A131: 432043 | B131: Samuel Morales | C131: samuel.morales894@example.com | D131: 440-846-5708 | E131: United States | F131: 44702
A132: 338536 | B132: Barbara Parker | C132: barbara.parker101@example.com | D132: 370-910-5906 | E132: Canada | F132: 45470
A133: 130353 | B133: Jennifer Adams | C133: jennifer.adams816@example.com | D133: 567-583-8056 | E133: United States | F133: 45162
A134: 252640 | B134: Ashley Ortiz | C134: ashley.ortiz422@example.com | D134: 379-280-7267 | E134: United Kingdom | F134: 44910
A135: 749813 | B135: Debra Walker | C135: debra.walker510@example.com | D135: 672-853-5161 | E135: United Kingdom | F135: 45037
A136: 581894 | B136: Paul Bennett | C136: paul.bennett10@example.com | D136: 893-759-3588 | E136: Mexico | F136: 45151
... A155: 232040 | B155: Justin Clark | C155: justin.clark71@example.com | D155: 438-536-3417 | E155: Germany | F155: 45004
A156: 926952 | B156: Brandon Smith | C156: brandon.smith284@example.com | E156: United Kingdom | F156: 44828
A157: 215266 | B157: Alexander Brown | C157: alexander.brown135@example.com | D157: 443-802-6304 | E157: United States | F157: 45295
A158: 116547 | B158: Matthew King | C158: matthew.king54@example.com | D158: 738-316-2041 | E158: United Kingdom | F158: 45424
A159: 599380 | B159: Sharon Campbell | C159: sharon.campbell526@example.com | D159: 715-426-1710 | E159: Canada | F159: 45487
A160: 862569 | B160: Alexander Gutierrez | C160: alexander.gutierrez309@example.com | D160: 262-690-7580 | E160: Mexico | F160: 44625
A161: 546980 | B161: Debra Wilson | C161: debra.wilson503@example.com | D161: 282-529-3430 | E161: Mexico | F161: 44712
A162: 168872 | B162: Thomas Scott | C162: thomas.scott640@example.com | D162: 811-743-5831 | E162: Netherlands | F162: 45342
A163: 575755 | B163: Eric Cox | C163: eric.cox441@example.com | E163: Canada | F163: 44796
A164: 550961 | B164: Sharon Robinson | C164: sharon.robinson424@example.com | D164: 608-625-2557 | E164: Netherlands | F164: 45490
A165: 427730 | B165: Jeffrey Green | C165: jeffrey.green682@example.com | D165: 356-903-8770 | E165: Spain | F165: 45328
A166: 170394 | B166: Barbara Hernandez | C166: barbara.hernandez96@example.com | D166: 962-956-7105 | E166: Brazil | F166: 44759
A167: 951201 | B167: Thomas Bailey | C167: thomas.bailey62@example.com | D167: 620-562-7929 | E167: Netherlands | F167: 44812
A168: 856086 | B168: Michael Torres | C168: michael.torres615@example.com | D168: 306-791-9313 | E168: Italy | F168: 45282
A169: 323072 | B169: Karen James | C169: karen.james494@example.com | D169: 558-769-7022 | E169: France | F169: 44783
A170: 220465 | B170: Emily Kelly | C170: emily.kelly232@example.com | D170: 823-873-5381 | E170: Brazil | F170: 44615
A171: 130359 | B171: Lisa Wright | C171: lisa.wright720@example.com | D171: 559-206-3972 | E171: Italy | F171: 45257
A172: 250210 | B172: Justin James | C172: justin.james411@example.com | D172: 958-848-1502 | E172: United States | F172: 44852
A173: 196214 | B173: Angela Ramirez | C173: angela.ramirez386@example.com | D173: 549-361-7062 | E173: Brazil | F173: 45491
A174: 426775 | B174: Dorothy Reed | C174: dorothy.reed611@example.com | D174: 359-361-1815 | E174: United States | F174: 44669
A175: 806707 | B175: David Wright | C175: david.wright454@example.com | D175: 821-652-7785 | E175: Brazil | F175: 45556
... A177: 652530 | B177: Christine Flores | C177: christine.flores47@example.com | D177: 813-256-1125 | E177: France | F177: 45371
A178: 314353 | B178: Kenneth Ramirez | C178: kenneth.ramirez786@example.com | E178: United Kingdom | F178: 45085
A179: 108105 | B179: Amy Parker | C179: amy.parker180@example.com | D179: 745-920-4770 | E179: United Kingdom | F179: 45340
A180: 624563 | B180: Anna Bennett | C180: anna.bennett826@example.com | D180: 606-959-1693 | E180: Australia | F180: 44709
A181: 557409 | B181: John Collins | C181: john.collins944@example.com | D181: 789-639-7626 | E181: United States | F181: 45203
A182: 843963 | B182: Samantha Turner | C182: samantha.turner297@example.com | D182: 221-532-3815 | E182: Canada | F182: 45391
A183: 940247 | B183: Emma Collins | C183: emma.collins852@example.com | D183: 647-308-4986 | E183: Australia | F183: 44742
A184: 556839 | B184: Pamela Phillips | C184: pamela.phillips537@example.com | D184: 517-963-6562 | E184: United States | F184: 45372
A185: 332335 | B185: Brian Perez | C185: brian.perez79@example.com | D185: 722-398-6724 | E185: Canada | F185: 45648
A186: 468154 | B186: Gregory Jackson | C186: gregory.jackson242@example.com | D186: 462-402-3842 | E186: Canada | F186: 44861
A187: 731661 | B187: Karen Wood | C187: karen.wood78@example.com | D187: 675-972-8354 | E187: United Kingdom | F187: 45573
A188: 814220 | B188: Justin Chavez | C188: justin.chavez651@example.com | D188: 354-650-2118 | E188: Netherlands | F188: 45209
A189: 591699 | B189: Ryan Watson | C189: ryan.watson311@example.com | D189: 560-719-2215 | E189: Spain | F189: 44677
A190: 425486 | B190: Cynthia Edwards | C190: cynthia.edwards39@example.com | D190: 493-278-2479 | E190: United States | F190: 45317
...

Sheet product_plans
A1: plan_id | B1: plan_name | C1: billing_cycle | D1: price
A2: 1000 | B2: Basic | C2: Monthly | D2: 19
A3: 1001 | B3: Basic | C3: Annual | D3: 190
A4: 1002 | B4: Standard | C4: Monthly | D4: 39
A5: 1003 | B5: Standard | C5: Annual | D5: 390
A6: 1004 | B6: Pro | C6: Monthly | D6: 79
A7: 1005 | B7: Pro | C7: Annual | D7: 790
A8: 1006 | B8: Team | C8: Monthly | D8: 149
A9: 1007 | B9: Team | C9: Annual | D9: 1490
A10: 1008 | B10: Enterprise | C10: Monthly | D10: 299
A11: 1009 | B11: Enterprise | C11: Annual | D11: 2990

Sheet subscriptions_clean
A1: subscription_id | B1: customer_id | C1: plan_id | D1: start_date | E1: end_date | F1: status | G1: customer_exists | H1: end_before_start | I1: status_end_mismatch | J1: is_valid_subscription
A2: 1968122 | B2: 955662 | C2: 1006 | D2: 45351 | E2: 45507 | F2: churned | G2: =IF(ISNA(_xlfn.XLOOKUP(subscriptions[[#This Row],[customer_id]], customers[customer_id], customers[customer_id])), "NO", "YES") -> YES | H2: =IF(AND(subscriptions[[#This Row],[end_date]]<>"", subscriptions[[#This Row],[end_date]] < subscriptions[[#This Row],[start_date]]), 1, 0) -> 0 | I2: =IF( OR( AND(subscriptions[[#This Row],[status]]="active", subscriptions[[#This Row],[end_date]]<>""), AND(subscriptions[[#This Row],[status]]="churned", subscriptions[[#This Row],[end_date]]="") ), 1, 0 ) -> 0 | J2: =IF( AND(subscriptions[[#This Row],[end_before_start]]=0, subscriptions[[#This Row],[status_end_mismatch]]=0), 1, 0 ) -> 1
A3: 5066006 | B3: 602681 | C3: 1000 | D3: 45540 | F3: active | G3: =IF(ISNA(_xlfn.XLOOKUP(subscriptions[[#This Row],[customer_id]], customers[customer_id], customers[customer_id])), "NO", "YES") -> YES | H3: =IF(AND(subscriptions[[#This Row],[end_date]]<>"", subscriptions[[#This Row],[end_date]] < subscriptions[[#This Row],[start_date]]), 1, 0) -> 0 | I3: =IF( OR( AND(subscriptions[[#This Row],[status]]="active", subscriptions[[#This Row],[end_date]]<>""), AND(subscriptions[[#This Row],[status]]="churned", subscriptions[[#This Row],[end_date]]="") ), 1, 0 ) -> 0 | J3: =IF( AND(subscriptions[[#This Row],[end_before_start]]=0, subscriptions[[#This Row],[status_end_mismatch]]=0), 1, 0 ) -> 1
A4: 7063525 | B4: 292811 | C4: 1005 | D4: 44619 | E4: 44979 | F4: churned | G4: =IF(ISNA(_xlfn.XLOOKUP(subscriptions[[#This Row],[customer_id]], customers[customer_id], customers[customer_id])), "NO", "YES") -> YES | H4: =IF(AND(subscriptions[[#This Row],[end_date]]<>"", subscriptions[[#This Row],[end_date]] < subscriptions[[#This Row],[start_date]]), 1, 0) -> 0 | I4: =IF( OR( AND(subscriptions[[#This Row],[status]]="active", subscriptions[[#This Row],[end_date]]<>""), AND(subscriptions[[#This Row],[status]]="churned", subscriptions[[#This Row],[end_date]]="") ), 1, 0 ) -> 0 | J4: =IF( AND(subscriptions[[#This Row],[end_before_start]]=0, subscriptions[[#This Row],[status_end_mismatch]]=0), 1, 0 ) -> 1
A5: 3481086 | B5: 789880 | C5: 1004 | D5: 45097 | E5: 45475 | F5: churned | G5: =IF(ISNA(_xlfn.XLOOKUP(subscriptions[[#This Row],[customer_id]], customers[customer_id], customers[customer_id])), "NO", "YES") -> YES | H5: =IF(AND(subscriptions[[#This Row],[end_date]]<>"", subscriptions[[#This Row],[end_date]] < subscriptions[[#This Row],[start_date]]), 1, 0) -> 0 | I5: =IF( OR( AND(subscriptions[[#This Row],[status]]="active", subscriptions[[#This Row],[end_date]]<>""), AND(subscriptions[[#This Row],[status]]="churned", subscriptions[[#This Row],[end_date]]="") ), 1, 0 ) -> 0 | J5: =IF( AND(subscriptions[[#This Row],[end_before_start]]=0, subscriptions[[#This Row],[status_end_mismatch]]=0), 1, 0 ) -> 1
A6: 3472414 | B6: 574012 | C6: 1008 | D6: 45082 | F6: active | G6: =IF(ISNA(_xlfn.XLOOKUP(subscriptions[[#This Row],[customer_id]], customers[customer_id], customers[customer_id])), "NO", "YES") -> YES | H6: =IF(AND(subscriptions[[#This Row],[end_date]]<>"", subscriptions[[#This Row],[end_date]] < subscriptions[[#This Row],[start_date]]), 1, 0) -> 0 | I6: =IF( OR( AND(subscriptions[[#This Row],[status]]="active", subscriptions[[#This Row],[end_date]]<>""), AND(subscriptions[[#This Row],[status]]="churned", subscriptions[[#This Row],[end_date]]="") ), 1, 0 ) -> 0 | J6: =IF( AND(subscriptions[[#This Row],[end_before_start]]=0, subscriptions[[#This Row],[status_end_mismatch]]=0), 1, 0 ) -> 1
A7: 3708302 | B7: 249375 | C7: 1004 | D7: 44587 | F7: active | G7: =IF(ISNA(_xlfn.XLOOKUP(subscriptions[[#This Row],[customer_id]], customers[customer_id], customers[customer_id])), "NO", "YES") -> YES | H7: =IF(AND(subscriptions[[#This Row],[end_date]]<>"", subscriptions[[#This Row],[end_date]] < subscriptions[[#This Row],[start_date]]), 1, 0) -> 0 | I7: =IF( OR( AND(subscriptions[[#This Row],[status]]="active", subscriptions[[#This Row],[end_date]]<>""), AND(subscriptions[[#This Row],[status]]="churned", subscriptions[[#This Row],[end_date]]="") ), 1, 0 ) -> 0 | J7: =IF( AND(subscriptions[[#This Row],[end_before_start]]=0, subscriptions[[#This Row],[status_end_mismatch]]=0), 1, 0 ) -> 1
A8: 2548634 | B8: 668373 | C8: 1004 | D8: 45349 | F8: active | G8: =IF(ISNA(_xlfn.XLOOKUP(subscriptions[[#This Row],[customer_id]], customers[customer_id], customers[customer_id])), "NO", "YES") -> YES | H8: =IF(AND(subscriptions[[#This Row],[end_date]]<>"", subscriptions[[#This Row],[end_date]] < subscriptions[[#This Row],[start_date]]), 1, 0) -> 0 | I8: =IF( OR( AND(subscriptions[[#This Row],[status]]="active", subscriptions[[#This Row],[end_date]]<>""), AND(subscriptions[[#This Row],[status]]="churned", subscriptions[[#This Row],[end_date]]="") ), 1, 0 ) -> 0 | J8: =IF( AND(subscriptions[[#This Row],[end_before_start]]=0, subscriptions[[#This Row],[status_end_mismatch]]=0), 1, 0 ) -> 1
A9: 2348021 | B9: 384218 | C9: 1002 | D9: 44948 | E9: 45062 | F9: churned | G9: =IF(ISNA(_xlfn.XLOOKUP(subscriptions[[#This Row],[customer_id]], customers[customer_id], customers[customer_id])), "NO", "YES") -> YES | H9: =IF(AND(subscriptions[[#This Row],[end_date]]<>"", subscriptions[[#This Row],[end_date]] < subscriptions[[#This Row],[start_date]]), 1, 0) -> 0 | I9: =IF( OR( AND(subscriptions[[#This Row],[status]]="active", subscriptions[[#This Row],[end_date]]<>""), AND(subscriptions[[#This Row],[status]]="churned", subscriptions[[#This Row],[end_date]]="") ), 1, 0 ) -> 0 | J9: =IF( AND(subscriptions[[#This Row],[end_before_start]]=0, subscriptions[[#This Row],[status_end_mismatch]]=0), 1, 0 ) -> 1
A10: 8161714 | B10: 537605 | C10: 1005 | D10: 45079 | E10: 45365 | F10: churned | G10: =IF(ISNA(_xlfn.XLOOKUP(subscriptions[[#This Row],[customer_id]], customers[customer_id], customers[customer_id])), "NO", "YES") -> YES | H10: =IF(AND(subscriptions[[#This Row],[end_date]]<>"", subscriptions[[#This Row],[end_date]] < subscriptions[[#This Row],[start_date]]), 1, 0) -> 0 | I10: =IF( OR( AND(subscriptions[[#This Row],[status]]="active", subscriptions[[#This Row],[end_date]]<>""), AND(subscriptions[[#This Row],[status]]="churned", subscriptions[[#This Row],[end_date]]="") ), 1, 0 ) -> 0 | J10: =IF( AND(subscriptions[[#This Row],[end_before_start]]=0, subscriptions[[#This Row],[status_end_mismatch]]=0), 1, 0 ) -> 1
A11: 9945633 | B11: 211579 | C11: 1000 | D11: 45345 | F11: active | G11: =IF(ISNA(_xlfn.XLOOKUP(subscriptions[[#This Row],[customer_id]], customers[customer_id], customers[customer_id])), "NO", "YES") -> YES | H11: =IF(AND(subscriptions[[#This Row],[end_date]]<>"", subscriptions[[#This Row],[end_date]] < subscriptions[[#This Row],[start_date]]), 1, 0) -> 0 | I11: =IF( OR( AND(subscriptions[[#This Row],[status]]="active", subscriptions[[#This Row],[end_date]]<>""), AND(subscriptions[[#This Row],[status]]="churned", subscriptions[[#This Row],[end_date]]="") ), 1, 0 ) -> 0 | J11: =IF( AND(subscriptions[[#This Row],[end_before_start]]=0, subscriptions[[#This Row],[status_end_mismatch]]=0), 1, 0 ) -> 1
A12: 7905652 | B12: 929090 | C12: 1006 | D12: 44744 | F12: active | G12: =IF(ISNA(_xlfn.XLOOKUP(subscriptions[[#This Row],[customer_id]], customers[customer_id], customers[customer_id])), "NO", "YES") -> YES | H12: =IF(AND(subscriptions[[#This Row],[end_date]]<>"", subscriptions[[#This Row],[end_date]] < subscriptions[[#This Row],[start_date]]), 1, 0) -> 0 | I12: =IF( OR( AND(subscriptions[[#This Row],[status]]="active", subscriptions[[#This Row],[end_date]]<>""), AND(subscriptions[[#This Row],[status]]="churned", subscriptions[[#This Row],[end_date]]="") ), 1, 0 ) -> 0 | J12: =IF( AND(subscriptions[[#This Row],[end_before_start]]=0, subscriptions[[#This Row],[status_end_mismatch]]=0), 1, 0 ) -> 1
A13: 6777952 | B13: 947684 | C13: 1001 | D13: 44854 | F13: active | G13: =IF(ISNA(_xlfn.XLOOKUP(subscriptions[[#This Row],[customer_id]], customers[customer_id], customers[customer_id])), "NO", "YES") -> YES | H13: =IF(AND(subscriptions[[#This Row],[end_date]]<>"", subscriptions[[#This Row],[end_date]] < subscriptions[[#This Row],[start_date]]), 1, 0) -> 0 | I13: =IF( OR( AND(subscriptions[[#This Row],[status]]="active", subscriptions[[#This Row],[end_date]]<>""), AND(subscriptions[[#This Row],[status]]="churned", subscriptions[[#This Row],[end_date]]="") ), 1, 0 ) -> 0 | J13: =IF( AND(subscriptions[[#This Row],[end_before_start]]=0, subscriptions[[#This Row],[status_end_mismatch]]=0), 1, 0 ) -> 1
A14: 4515255 | B14: 268546 | C14: 1000 | D14: 45377 | E14: 45410 | F14: churned | G14: =IF(ISNA(_xlfn.XLOOKUP(subscriptions[[#This Row],[customer_id]], customers[customer_id], customers[customer_id])), "NO", "YES") -> YES | H14: =IF(AND(subscriptions[[#This Row],[end_date]]<>"", subscriptions[[#This Row],[end_date]] < subscriptions[[#This Row],[start_date]]), 1, 0) -> 0 | I14: =IF( OR( AND(subscriptions[[#This Row],[status]]="active", subscriptions[[#This Row],[end_date]]<>""), AND(subscriptions[[#This Row],[status]]="churned", subscriptions[[#This Row],[end_date]]="") ), 1, 0 ) -> 0 | J14: =IF( AND(subscriptions[[#This Row],[end_before_start]]=0, subscriptions[[#This Row],[status_end_mismatch]]=0), 1, 0 ) -> 1
A15: 3825261 | B15: 536646 | C15: 1000 | D15: 45569 | F15: active | G15: =IF(ISNA(_xlfn.XLOOKUP(subscriptions[[#This Row],[customer_id]], customers[customer_id], customers[customer_id])), "NO", "YES") -> YES | H15: =IF(AND(subscriptions[[#This Row],[end_date]]<>"", subscriptions[[#This Row],[end_date]] < subscriptions[[#This Row],[start_date]]), 1, 0) -> 0 | I15: =IF( OR( AND(subscriptions[[#This Row],[status]]="active", subscriptions[[#This Row],[end_date]]<>""), AND(subscriptions[[#This Row],[status]]="churned", subscriptions[[#This Row],[end_date]]="") ), 1, 0 ) -> 0 | J15: =IF( AND(subscriptions[[#This Row],[end_before_start]]=0, subscriptions[[#This Row],[status_end_mismatch]]=0), 1, 0 ) -> 1
A16: 2171745 | B16: 972064 | C16: 1009 | D16: 45417 | F16: active | G16: =IF(ISNA(_xlfn.XLOOKUP(subscriptions[[#This Row],[customer_id]], customers[customer_id], customers[customer_id])), "NO", "YES") -> YES | H16: =IF(AND(subscriptions[[#This Row],[end_date]]<>"", subscriptions[[#This Row],[end_date]] < subscriptions[[#This Row],[start_date]]), 1, 0) -> 0 | I16: =IF( OR( AND(subscriptions[[#This Row],[status]]="active", subscriptions[[#This Row],[end_date]]<>""), AND(subscriptions[[#This Row],[status]]="churned", subscriptions[[#This Row],[end_date]]="") ), 1, 0 ) -> 0 | J16: =IF( AND(subscriptions[[#This Row],[end_before_start]]=0, subscriptions[[#This Row],[status_end_mismatch]]=0), 1, 0 ) -> 1
A17: 5837546 | B17: 854701 | C17: 1002 | D17: 45444 | F17: active | G17: =IF(ISNA(_xlfn.XLOOKUP(subscriptions[[#This Row],[customer_id]], customers[customer_id], customers[customer_id])), "NO", "YES") -> YES | H17: =IF(AND(subscriptions[[#This Row],[end_date]]<>"", subscriptions[[#This Row],[end_date]] < subscriptions[[#This Row],[start_date]]), 1, 0) -> 0 | I17: =IF( OR( AND(subscriptions[[#This Row],[status]]="active", subscriptions[[#This Row],[end_date]]<>""), AND(subscriptions[[#This Row],[status]]="churned", subscriptions[[#This Row],[end_date]]="") ), 1, 0 ) -> 0 | J17: =IF( AND(subscriptions[[#This Row],[end_before_start]]=0, subscriptions[[#This Row],[status_end_mismatch]]=0), 1, 0 ) -> 1
A18: 7285607 | B18: 448098 | C18: 1007 | D18: 44943 | E18: 45074 | F18: churned | G18: =IF(ISNA(_xlfn.XLOOKUP(subscriptions[[#This Row],[customer_id]], customers[customer_id], customers[customer_id])), "NO", "YES") -> YES | H18: =IF(AND(subscriptions[[#This Row],[end_date]]<>"", subscriptions[[#This Row],[end_date]] < subscriptions[[#This Row],[start_date]]), 1, 0) -> 0 | I18: =IF( OR( AND(subscriptions[[#This Row],[status]]="active", subscriptions[[#This Row],[end_date]]<>""), AND(subscriptions[[#This Row],[status]]="churned", subscriptions[[#This Row],[end_date]]="") ), 1, 0 ) -> 0 | J18: =IF( AND(subscriptions[[#This Row],[end_before_start]]=0, subscriptions[[#This Row],[status_end_mismatch]]=0), 1, 0 ) -> 1
A19: 9161633 | B19: 546157 | C19: 1006 | D19: 44934 | F19: active | G19: =IF(ISNA(_xlfn.XLOOKUP(subscriptions[[#This Row],[customer_id]], customers[customer_id], customers[customer_id])), "NO", "YES") -> YES | H19: =IF(AND(subscriptions[[#This Row],[end_date]]<>"", subscriptions[[#This Row],[end_date]] < subscriptions[[#This Row],[start_date]]), 1, 0) -> 0 | I19: =IF( OR( AND(subscriptions[[#This Row],[status]]="active", subscriptions[[#This Row],[end_date]]<>""), AND(subscriptions[[#This Row],[status]]="churned", subscriptions[[#This Row],[end_date]]="") ), 1, 0 ) -> 0 | J19: =IF( AND(subscriptions[[#This Row],[end_before_start]]=0, subscriptions[[#This Row],[status_end_mismatch]]=0), 1, 0 ) -> 1
A20: 2849490 | B20: 694223 | C20: 1004 | D20: 45484 | F20: active | G20: =IF(ISNA(_xlfn.XLOOKUP(subscriptions[[#This Row],[customer_id]], customers[customer_id], customers[customer_id])), "NO", "YES") -> YES | H20: =IF(AND(subscriptions[[#This Row],[end_date]]<>"", subscriptions[[#This Row],[end_date]] < subscriptions[[#This Row],[start_date]]), 1, 0) -> 0 | I20: =IF( OR( AND(subscriptions[[#This Row],[status]]="active", subscriptions[[#This Row],[end_date]]<>""), AND(subscriptions[[#This Row],[status]]="churned", subscriptions[[#This Row],[end_date]]="") ), 1, 0 ) -> 0 | J20: =IF( AND(subscriptions[[#This Row],[end_before_start]]=0, subscriptions[[#This Row],[status_end_mismatch]]=0), 1, 0 ) -> 1
A21: 4566389 | B21: 270387 | C21: 1007 | D21: 44942 | F21: active | G21: =IF(ISNA(_xlfn.XLOOKUP(subscriptions[[#This Row],[customer_id]], customers[customer_id], customers[customer_id])), "NO", "YES") -> YES | H21: =IF(AND(subscriptions[[#This Row],[end_date]]<>"", subscriptions[[#This Row],[end_date]] < subscriptions[[#This Row],[start_date]]), 1, 0) -> 0 | I21: =IF( OR( AND(subscriptions[[#This Row],[status]]="active", subscriptions[[#This Row],[end_date]]<>""), AND(subscriptions[[#This Row],[status]]="churned", subscriptions[[#This Row],[end_date]]="") ), 1, 0 ) -> 0 | J21: =IF( AND(subscriptions[[#This Row],[end_before_start]]=0, subscriptions[[#This Row],[status_end_mismatch]]=0), 1, 0 ) -> 1
A22: 4065690 | B22: 621433 | C22: 1003 | D22: 44954 | F22: active | G22: =IF(ISNA(_xlfn.XLOOKUP(subscriptions[[#This Row],[customer_id]], customers[customer_id], customers[customer_id])), "NO", "YES") -> YES | H22: =IF(AND(subscriptions[[#This Row],[end_date]]<>"", subscriptions[[#This Row],[end_date]] < subscriptions[[#This Row],[start_date]]), 1, 0) -> 0 | I22: =IF( OR( AND(subscriptions[[#This Row],[status]]="active", subscriptions[[#This Row],[end_date]]<>""), AND(subscriptions[[#This Row],[status]]="churned", subscriptions[[#This Row],[end_date]]="") ), 1, 0 ) -> 0 | J22: =IF( AND(subscriptions[[#This Row],[end_before_start]]=0, subscriptions[[#This Row],[status_end_mismatch]]=0), 1, 0 ) -> 1
A23: 7858398 | B23: 861253 | C23: 1006 | D23: 45464 | E23: 45654 | F23: churned | G23: =IF(ISNA(_xlfn.XLOOKUP(subscriptions[[#This Row],[customer_id]], customers[customer_id], customers[customer_id])), "NO", "YES") -> YES | H23: =IF(AND(subscriptions[[#This Row],[end_date]]<>"", subscriptions[[#This Row],[end_date]] < subscriptions[[#This Row],[start_date]]), 1, 0) -> 0 | I23: =IF( OR( AND(subscriptions[[#This Row],[status]]="active", subscriptions[[#This Row],[end_date]]<>""), AND(subscriptions[[#This Row],[status]]="churned", subscriptions[[#This Row],[end_date]]="") ), 1, 0 ) -> 0 | J23: =IF( AND(subscriptions[[#This Row],[end_before_start]]=0, subscriptions[[#This Row],[status_end_mismatch]]=0), 1, 0 ) -> 1
A24: 3787134 | B24: 601903 | C24: 1008 | D24: 44725 | F24: active | G24: =IF(ISNA(_xlfn.XLOOKUP(subscriptions[[#This Row],[customer_id]], customers[customer_id], customers[customer_id])), "NO", "YES") -> YES | H24: =IF(AND(subscriptions[[#This Row],[end_date]]<>"", subscriptions[[#This Row],[end_date]] < subscriptions[[#This Row],[start_date]]), 1, 0) -> 0 | I24: =IF( OR( AND(subscriptions[[#This Row],[status]]="active", subscriptions[[#This Row],[end_date]]<>""), AND(subscriptions[[#This Row],[status]]="churned", subscriptions[[#This Row],[end_date]]="") ), 1, 0 ) -> 0 | J24: =IF( AND(subscriptions[[#This Row],[end_before_start]]=0, subscriptions[[#This Row],[status_end_mismatch]]=0), 1, 0 ) -> 1
A25: 7337233 | B25: 771088 | C25: 1001 | D25: 44817 | F25: active | G25: =IF(ISNA(_xlfn.XLOOKUP(subscriptions[[#This Row],[customer_id]], customers[customer_id], customers[customer_id])), "NO", "YES") -> YES | H25: =IF(AND(subscriptions[[#This Row],[end_date]]<>"", subscriptions[[#This Row],[end_date]] < subscriptions[[#This Row],[start_date]]), 1, 0) -> 0 | I25: =IF( OR( AND(subscriptions[[#This Row],[status]]="active", subscriptions[[#This Row],[end_date]]<>""), AND(subscriptions[[#This Row],[status]]="churned", subscriptions[[#This Row],[end_date]]="") ), 1, 0 ) -> 0 | J25: =IF( AND(subscriptions[[#This Row],[end_before_start]]=0, subscriptions[[#This Row],[status_end_mismatch]]=0), 1, 0 ) -> 1
A26: 6740356 | B26: 597643 | C26: 1000 | D26: 44622 | F26: active | G26: =IF(ISNA(_xlfn.XLOOKUP(subscriptions[[#This Row],[customer_id]], customers[customer_id], customers[customer_id])), "NO", "YES") -> YES | H26: =IF(AND(subscriptions[[#This Row],[end_date]]<>"", subscriptions[[#This Row],[end_date]] < subscriptions[[#This Row],[start_date]]), 1, 0) -> 0 | I26: =IF( OR( AND(subscriptions[[#This Row],[status]]="active", subscriptions[[#This Row],[end_date]]<>""), AND(subscriptions[[#This Row],[status]]="churned", subscriptions[[#This Row],[end_date]]="") ), 1, 0 ) -> 0 | J26: =IF( AND(subscriptions[[#This Row],[end_before_start]]=0, subscriptions[[#This Row],[status_end_mismatch]]=0), 1, 0 ) -> 1
A27: 9017783 | B27: 950576 | C27: 1007 | D27: 45555 | E27: 45636 | F27: churned | G27: =IF(ISNA(_xlfn.XLOOKUP(subscriptions[[#This Row],[customer_id]], customers[customer_id], customers[customer_id])), "NO", "YES") -> YES | H27: =IF(AND(subscriptions[[#This Row],[end_date]]<>"", subscriptions[[#This Row],[end_date]] < subscriptions[[#This Row],[start_date]]), 1, 0) -> 0 | I27: =IF( OR( AND(subscriptions[[#This Row],[status]]="active", subscriptions[[#This Row],[end_date]]<>""), AND(subscriptions[[#This Row],[status]]="churned", subscriptions[[#This Row],[end_date]]="") ), 1, 0 ) -> 0 | J27: =IF( AND(subscriptions[[#This Row],[end_before_start]]=0, subscriptions[[#This Row],[status_end_mismatch]]=0), 1, 0 ) -> 1
A28: 1159493 | B28: 852470 | C28: 1006 | D28: 44687 | F28: active | G28: =IF(ISNA(_xlfn.XLOOKUP(subscriptions[[#This Row],[customer_id]], customers[customer_id], customers[customer_id])), "NO", "YES") -> YES | H28: =IF(AND(subscriptions[[#This Row],[end_date]]<>"", subscriptions[[#This Row],[end_date]] < subscriptions[[#This Row],[start_date]]), 1, 0) -> 0 | I28: =IF( OR( AND(subscriptions[[#This Row],[status]]="active", subscriptions[[#This Row],[end_date]]<>""), AND(subscriptions[[#This Row],[status]]="churned", subscriptions[[#This Row],[end_date]]="") ), 1, 0 ) -> 0 | J28: =IF( AND(subscriptions[[#This Row],[end_before_start]]=0, subscriptions[[#This Row],[status_end_mismatch]]=0), 1, 0 ) -> 1
A29: 1121243 | B29: 124906 | C29: 1004 | D29: 44647 | F29: active | G29: =IF(ISNA(_xlfn.XLOOKUP(subscriptions[[#This Row],[customer_id]], customers[customer_id], customers[customer_id])), "NO", "YES") -> YES | H29: =IF(AND(subscriptions[[#This Row],[end_date]]<>"", subscriptions[[#This Row],[end_date]] < subscriptions[[#This Row],[start_date]]), 1, 0) -> 0 | I29: =IF( OR( AND(subscriptions[[#This Row],[status]]="active", subscriptions[[#This Row],[end_date]]<>""), AND(subscriptions[[#This Row],[status]]="churned", subscriptions[[#This Row],[end_date]]="") ), 1, 0 ) -> 0 | J29: =IF( AND(subscriptions[[#This Row],[end_before_start]]=0, subscriptions[[#This Row],[status_end_mismatch]]=0), 1, 0 ) -> 1
A30: 9763319 | B30: 520651 | C30: 1005 | D30: 44576 | F30: active | G30: =IF(ISNA(_xlfn.XLOOKUP(subscriptions[[#This Row],[customer_id]], customers[customer_id], customers[customer_id])), "NO", "YES") -> YES | H30: =IF(AND(subscriptions[[#This Row],[end_date]]<>"", subscriptions[[#This Row],[end_date]] < subscriptions[[#This Row],[start_date]]), 1, 0) -> 0 | I30: =IF( OR( AND(subscriptions[[#This Row],[status]]="active", subscriptions[[#This Row],[end_date]]<>""), AND(subscriptions[[#This Row],[status]]="churned", subscriptions[[#This Row],[end_date]]="") ), 1, 0 ) -> 0 | J30: =IF( AND(subscriptions[[#This Row],[end_before_start]]=0, subscriptions[[#This Row],[status_end_mismatch]]=0), 1, 0 ) -> 1
A31: 9725395 | B31: 983456 | C31: 1007 | D31: 45106 | E31: 45378 | F31: churned | G31: =IF(ISNA(_xlfn.XLOOKUP(subscriptions[[#This Row],[customer_id]], customers[customer_id], customers[customer_id])), "NO", "YES") -> YES | H31: =IF(AND(subscriptions[[#This Row],[end_date]]<>"", subscriptions[[#This Row],[end_date]] < subscriptions[[#This Row],[start_date]]), 1, 0) -> 0 | I31: =IF( OR( AND(subscriptions[[#This Row],[status]]="active", subscriptions[[#This Row],[end_date]]<>""), AND(subscriptions[[#This Row],[status]]="churned", subscriptions[[#This Row],[end_date]]="") ), 1, 0 ) -> 0 | J31: =IF( AND(subscriptions[[#This Row],[end_before_start]]=0, subscriptions[[#This Row],[status_end_mismatch]]=0), 1, 0 ) -> 1
A32: 6654424 | B32: 100716 | C32: 1002 | D32: 45441 | F32: active | G32: =IF(ISNA(_xlfn.XLOOKUP(subscriptions[[#This Row],[customer_id]], customers[customer_id], customers[customer_id])), "NO", "YES") -> YES | H32: =IF(AND(subscriptions[[#This Row],[end_date]]<>"", subscriptions[[#This Row],[end_date]] < subscriptions[[#This Row],[start_date]]), 1, 0) -> 0 | I32: =IF( OR( AND(subscriptions[[#This Row],[status]]="active", subscriptions[[#This Row],[end_date]]<>""), AND(subscriptions[[#This Row],[status]]="churned", subscriptions[[#This Row],[end_date]]="") ), 1, 0 ) -> 0 | J32: =IF( AND(subscriptions[[#This Row],[end_before_start]]=0, subscriptions[[#This Row],[status_end_mismatch]]=0), 1, 0 ) -> 1
A33: 6755884 | B33: 376021 | C33: 1007 | D33: 45207 | E33: 45421 | F33: churned | G33: =IF(ISNA(_xlfn.XLOOKUP(subscriptions[[#This Row],[customer_id]], customers[customer_id], customers[customer_id])), "NO", "YES") -> YES | H33: =IF(AND(subscriptions[[#This Row],[end_date]]<>"", subscriptions[[#This Row],[end_date]] < subscriptions[[#This Row],[start_date]]), 1, 0) -> 0 | I33: =IF( OR( AND(subscriptions[[#This Row],[status]]="active", subscriptions[[#This Row],[end_date]]<>""), AND(subscriptions[[#This Row],[status]]="churned", subscriptions[[#This Row],[end_date]]="") ), 1, 0 ) -> 0 | J33: =IF( AND(subscriptions[[#This Row],[end_before_start]]=0, subscriptions[[#This Row],[status_end_mismatch]]=0), 1, 0 ) -> 1
A34: 7685239 | B34: 236543 | C34: 1006 | D34: 45337 | E34: 45549 | F34: churned | G34: =IF(ISNA(_xlfn.XLOOKUP(subscriptions[[#This Row],[customer_id]], customers[customer_id], customers[customer_id])), "NO", "YES") -> YES | H34: =IF(AND(subscriptions[[#This Row],[end_date]]<>"", subscriptions[[#This Row],[end_date]] < subscriptions[[#This Row],[start_date]]), 1, 0) -> 0 | I34: =IF( OR( AND(subscriptions[[#This Row],[status]]="active", subscriptions[[#This Row],[end_date]]<>""), AND(subscriptions[[#This Row],[status]]="churned", subscriptions[[#This Row],[end_date]]="") ), 1, 0 ) -> 0 | J34: =IF( AND(subscriptions[[#This Row],[end_before_start]]=0, subscriptions[[#This Row],[status_end_mismatch]]=0), 1, 0 ) -> 1
A35: 6540763 | B35: 544278 | C35: 1008 | D35: 44767 | F35: active | G35: =IF(ISNA(_xlfn.XLOOKUP(subscriptions[[#This Row],[customer_id]], customers[customer_id], customers[customer_id])), "NO", "YES") -> YES | H35: =IF(AND(subscriptions[[#This Row],[end_date]]<>"", subscriptions[[#This Row],[end_date]] < subscriptions[[#This Row],[start_date]]), 1, 0) -> 0 | I35: =IF( OR( AND(subscriptions[[#This Row],[status]]="active", subscriptions[[#This Row],[end_date]]<>""), AND(subscriptions[[#This Row],[status]]="churned", subscriptions[[#This Row],[end_date]]="") ), 1, 0 ) -> 0 | J35: =IF( AND(subscriptions[[#This Row],[end_before_start]]=0, subscriptions[[#This Row],[status_end_mismatch]]=0), 1, 0 ) -> 1
A36: 7741225 | B36: 753425 | C36: 1003 | D36: 44846 | F36: active | G36: =IF(ISNA(_xlfn.XLOOKUP(subscriptions[[#This Row],[customer_id]], customers[customer_id], customers[customer_id])), "NO", "YES") -> YES | H36: =IF(AND(subscriptions[[#This Row],[end_date]]<>"", subscriptions[[#This Row],[end_date]] < subscriptions[[#This Row],[start_date]]), 1, 0) -> 0 | I36: =IF( OR( AND(subscriptions[[#This Row],[status]]="active", subscriptions[[#This Row],[end_date]]<>""), AND(subscriptions[[#This Row],[status]]="churned", subscriptions[[#This Row],[end_date]]="") ), 1, 0 ) -> 0 | J36: =IF( AND(subscriptions[[#This Row],[end_before_start]]=0, subscriptions[[#This Row],[status_end_mismatch]]=0), 1, 0 ) -> 1
A37: 3061828 | B37: 532322 | C37: 1008 | D37: 45134 | E37: 45291 | F37: churned | G37: =IF(ISNA(_xlfn.XLOOKUP(subscriptions[[#This Row],[customer_id]], customers[customer_id], customers[customer_id])), "NO", "YES") -> YES | H37: =IF(AND(subscriptions[[#This Row],[end_date]]<>"", subscriptions[[#This Row],[end_date]] < subscriptions[[#This Row],[start_date]]), 1, 0) -> 0 | I37: =IF( OR( AND(subscriptions[[#This Row],[status]]="active", subscriptions[[#This Row],[end_date]]<>""), AND(subscriptions[[#This Row],[status]]="churned", subscriptions[[#This Row],[end_date]]="") ), 1, 0 ) -> 0 | J37: =IF( AND(subscriptions[[#This Row],[end_before_start]]=0, subscriptions[[#This Row],[status_end_mismatch]]=0), 1, 0 ) -> 1
A38: 7181227 | B38: 506951 | C38: 1007 | D38: 45487 | E38: 45630 | F38: churned | G38: =IF(ISNA(_xlfn.XLOOKUP(subscriptions[[#This Row],[customer_id]], customers[customer_id], customers[customer_id])), "NO", "YES") -> YES | H38: =IF(AND(subscriptions[[#This Row],[end_date]]<>"", subscriptions[[#This Row],[end_date]] < subscriptions[[#This Row],[start_date]]), 1, 0) -> 0 | I38: =IF( OR( AND(subscriptions[[#This Row],[status]]="active", subscriptions[[#This Row],[end_date]]<>""), AND(subscriptions[[#This Row],[status]]="churned", subscriptions[[#This Row],[end_date]]="") ), 1, 0 ) -> 0 | J38: =IF( AND(subscriptions[[#This Row],[end_before_start]]=0, subscriptions[[#This Row],[status_end_mismatch]]=0), 1, 0 ) -> 1
A39: 8972523 | B39: 156700 | C39: 1003 | D39: 45408 | E39: 45439 | F39: churned | G39: =IF(ISNA(_xlfn.XLOOKUP(subscriptions[[#This Row],[customer_id]], customers[customer_id], customers[customer_id])), "NO", "YES") -> YES | H39: =IF(AND(subscriptions[[#This Row],[end_date]]<>"", subscriptions[[#This Row],[end_date]] < subscriptions[[#This Row],[start_date]]), 1, 0) -> 0 | I39: =IF( OR( AND(subscriptions[[#This Row],[status]]="active", subscriptions[[#This Row],[end_date]]<>""), AND(subscriptions[[#This Row],[status]]="churned", subscriptions[[#This Row],[end_date]]="") ), 1, 0 ) -> 0 | J39: =IF( AND(subscriptions[[#This Row],[end_before_start]]=0, subscriptions[[#This Row],[status_end_mismatch]]=0), 1, 0 ) -> 1
A40: 6405343 | B40: 726909 | C40: 1004 | D40: 44596 | E40: 44649 | F40: churned | G40: =IF(ISNA(_xlfn.XLOOKUP(subscriptions[[#This Row],[customer_id]], customers[customer_id], customers[customer_id])), "NO", "YES") -> YES | H40: =IF(AND(subscriptions[[#This Row],[end_date]]<>"", subscriptions[[#This Row],[end_date]] < subscriptions[[#This Row],[start_date]]), 1, 0) -> 0 | I40: =IF( OR( AND(subscriptions[[#This Row],[status]]="active", subscriptions[[#This Row],[end_date]]<>""), AND(subscriptions[[#This Row],[status]]="churned", subscriptions[[#This Row],[end_date]]="") ), 1, 0 ) -> 0 | J40: =IF( AND(subscriptions[[#This Row],[end_before_start]]=0, subscriptions[[#This Row],[status_end_mismatch]]=0), 1, 0 ) -> 1
A41: 6461406 | B41: 495129 | C41: 1009 | D41: 45471 | F41: active | G41: =IF(ISNA(_xlfn.XLOOKUP(subscriptions[[#This Row],[customer_id]], customers[customer_id], customers[customer_id])), "NO", "YES") -> YES | H41: =IF(AND(subscriptions[[#This Row],[end_date]]<>"", subscriptions[[#This Row],[end_date]] < subscriptions[[#This Row],[start_date]]), 1, 0) -> 0 | I41: =IF( OR( AND(subscriptions[[#This Row],[status]]="active", subscriptions[[#This Row],[end_date]]<>""), AND(subscriptions[[#This Row],[status]]="churned", subscriptions[[#This Row],[end_date]]="") ), 1, 0 ) -> 0 | J41: =IF( AND(subscriptions[[#This Row],[end_before_start]]=0, subscriptions[[#This Row],[status_end_mismatch]]=0), 1, 0 ) -> 1
A42: 9129167 | B42: 987060 | C42: 1004 | D42: 45381 | E42: 45452 | F42: churned | G42: =IF(ISNA(_xlfn.XLOOKUP(subscriptions[[#This Row],[customer_id]], customers[customer_id], customers[customer_id])), "NO", "YES") -> YES | H42: =IF(AND(subscriptions[[#This Row],[end_date]]<>"", subscriptions[[#This Row],[end_date]] < subscriptions[[#This Row],[start_date]]), 1, 0) -> 0 | I42: =IF( OR( AND(subscriptions[[#This Row],[status]]="active", subscriptions[[#This Row],[end_date]]<>""), AND(subscriptions[[#This Row],[status]]="churned", subscriptions[[#This Row],[end_date]]="") ), 1, 0 ) -> 0 | J42: =IF( AND(subscriptions[[#This Row],[end_before_start]]=0, subscriptions[[#This Row],[status_end_mismatch]]=0), 1, 0 ) -> 1
A43: 6844074 | B43: 586279 | C43: 1006 | D43: 45438 | E43: 45636 | F43: churned | G43: =IF(ISNA(_xlfn.XLOOKUP(subscriptions[[#This Row],[customer_id]], customers[customer_id], customers[customer_id])), "NO", "YES") -> YES | H43: =IF(AND(subscriptions[[#This Row],[end_date]]<>"", subscriptions[[#This Row],[end_date]] < subscriptions[[#This Row],[start_date]]), 1, 0) -> 0 | I43: =IF( OR( AND(subscriptions[[#This Row],[status]]="active", subscriptions[[#This Row],[end_date]]<>""), AND(subscriptions[[#This Row],[status]]="churned", subscriptions[[#This Row],[end_date]]="") ), 1, 0 ) -> 0 | J43: =IF( AND(subscriptions[[#This Row],[end_before_start]]=0, subscriptions[[#This Row],[status_end_mismatch]]=0), 1, 0 ) -> 1
A44: 2685367 | B44: 894541 | C44: 1001 | D44: 45350 | F44: active | G44: =IF(ISNA(_xlfn.XLOOKUP(subscriptions[[#This Row],[customer_id]], customers[customer_id], customers[customer_id])), "NO", "YES") -> YES | H44: =IF(AND(subscriptions[[#This Row],[end_date]]<>"", subscriptions[[#This Row],[end_date]] < subscriptions[[#This Row],[start_date]]), 1, 0) -> 0 | I44: =IF( OR( AND(subscriptions[[#This Row],[status]]="active", subscriptions[[#This Row],[end_date]]<>""), AND(subscriptions[[#This Row],[status]]="churned", subscriptions[[#This Row],[end_date]]="") ), 1, 0 ) -> 0 | J44: =IF( AND(subscriptions[[#This Row],[end_before_start]]=0, subscriptions[[#This Row],[status_end_mismatch]]=0), 1, 0 ) -> 1
A45: 4272848 | B45: 722899 | C45: 1009 | D45: 44855 | E45: 45177 | F45: churned | G45: =IF(ISNA(_xlfn.XLOOKUP(subscriptions[[#This Row],[customer_id]], customers[customer_id], customers[customer_id])), "NO", "YES") -> YES | H45: =IF(AND(subscriptions[[#This Row],[end_date]]<>"", subscriptions[[#This Row],[end_date]] < subscriptions[[#This Row],[start_date]]), 1, 0) -> 0 | I45: =IF( OR( AND(subscriptions[[#This Row],[status]]="active", subscriptions[[#This Row],[end_date]]<>""), AND(subscriptions[[#This Row],[status]]="churned", subscriptions[[#This Row],[end_date]]="") ), 1, 0 ) -> 0 | J45: =IF( AND(subscriptions[[#This Row],[end_before_start]]=0, subscriptions[[#This Row],[status_end_mismatch]]=0), 1, 0 ) -> 1
A46: 9466397 | B46: 163941 | C46: 1008 | D46: 44627 | F46: active | G46: =IF(ISNA(_xlfn.XLOOKUP(subscriptions[[#This Row],[customer_id]], customers[customer_id], customers[customer_id])), "NO", "YES") -> YES | H46: =IF(AND(subscriptions[[#This Row],[end_date]]<>"", subscriptions[[#This Row],[end_date]] < subscriptions[[#This Row],[start_date]]), 1, 0) -> 0 | I46: =IF( OR( AND(subscriptions[[#This Row],[status]]="active", subscriptions[[#This Row],[end_date]]<>""), AND(subscriptions[[#This Row],[status]]="churned", subscriptions[[#This Row],[end_date]]="") ), 1, 0 ) -> 0 | J46: =IF( AND(subscriptions[[#This Row],[end_before_start]]=0, subscriptions[[#This Row],[status_end_mismatch]]=0), 1, 0 ) -> 1
A47: 2461125 | B47: 589251 | C47: 1001 | D47: 45179 | E47: 45489 | F47: churned | G47: =IF(ISNA(_xlfn.XLOOKUP(subscriptions[[#This Row],[customer_id]], customers[customer_id], customers[customer_id])), "NO", "YES") -> YES | H47: =IF(AND(subscriptions[[#This Row],[end_date]]<>"", subscriptions[[#This Row],[end_date]] < subscriptions[[#This Row],[start_date]]), 1, 0) -> 0 | I47: =IF( OR( AND(subscriptions[[#This Row],[status]]="active", subscriptions[[#This Row],[end_date]]<>""), AND(subscriptions[[#This Row],[status]]="churned", subscriptions[[#This Row],[end_date]]="") ), 1, 0 ) -> 0 | J47: =IF( AND(subscriptions[[#This Row],[end_before_start]]=0, subscriptions[[#This Row],[status_end_mismatch]]=0), 1, 0 ) -> 1
A48: 8831655 | B48: 691655 | C48: 1005 | D48: 44906 | E48: 44995 | F48: churned | G48: =IF(ISNA(_xlfn.XLOOKUP(subscriptions[[#This Row],[customer_id]], customers[customer_id], customers[customer_id])), "NO", "YES") -> YES | H48: =IF(AND(subscriptions[[#This Row],[end_date]]<>"", subscriptions[[#This Row],[end_date]] < subscriptions[[#This Row],[start_date]]), 1, 0) -> 0 | I48: =IF( OR( AND(subscriptions[[#This Row],[status]]="active", subscriptions[[#This Row],[end_date]]<>""), AND(subscriptions[[#This Row],[status]]="churned", subscriptions[[#This Row],[end_date]]="") ), 1, 0 ) -> 0 | J48: =IF( AND(subscriptions[[#This Row],[end_before_start]]=0, subscriptions[[#This Row],[status_end_mismatch]]=0), 1, 0 ) -> 1
A49: 9089445 | B49: 130359 | C49: 1007 | D49: 45055 | F49: active | G49: =IF(ISNA(_xlfn.XLOOKUP(subscriptions[[#This Row],[customer_id]], customers[customer_id], customers[customer_id])), "NO", "YES") -> YES | H49: =IF(AND(subscriptions[[#This Row],[end_date]]<>"", subscriptions[[#This Row],[end_date]] < subscriptions[[#This Row],[start_date]]), 1, 0) -> 0 | I49: =IF( OR( AND(subscriptions[[#This Row],[status]]="active", subscriptions[[#This Row],[end_date]]<>""), AND(subscriptions[[#This Row],[status]]="churned", subscriptions[[#This Row],[end_date]]="") ), 1, 0 ) -> 0 | J49: =IF( AND(subscriptions[[#This Row],[end_before_start]]=0, subscriptions[[#This Row],[status_end_mismatch]]=0), 1, 0 ) -> 1
A50: 3859391 | B50: 645175 | C50: 1001 | D50: 44745 | F50: active | G50: =IF(ISNA(_xlfn.XLOOKUP(subscriptions[[#This Row],[customer_id]], customers[customer_id], customers[customer_id])), "NO", "YES") -> YES | H50: =IF(AND(subscriptions[[#This Row],[end_date]]<>"", subscriptions[[#This Row],[end_date]] < subscriptions[[#This Row],[start_date]]), 1, 0) -> 0 | I50: =IF( OR( AND(subscriptions[[#This Row],[status]]="active", subscriptions[[#This Row],[end_date]]<>""), AND(subscriptions[[#This Row],[status]]="churned", subscriptions[[#This Row],[end_date]]="") ), 1, 0 ) -> 0 | J50: =IF( AND(subscriptions[[#This Row],[end_before_start]]=0, subscriptions[[#This Row],[status_end_mismatch]]=0), 1, 0 ) -> 1
A51: 1490260 | B51: 514118 | C51: 1009 | D51: 44890 | E51: 45087 | F51: churned | G51: =IF(ISNA(_xlfn.XLOOKUP(subscriptions[[#This Row],[customer_id]], customers[customer_id], customers[customer_id])), "NO", "YES") -> YES | H51: =IF(AND(subscriptions[[#This Row],[end_date]]<>"", subscriptions[[#This Row],[end_date]] < subscriptions[[#This Row],[start_date]]), 1, 0) -> 0 | I51: =IF( OR( AND(subscriptions[[#This Row],[status]]="active", subscriptions[[#This Row],[end_date]]<>""), AND(subscriptions[[#This Row],[status]]="churned", subscriptions[[#This Row],[end_date]]="") ), 1, 0 ) -> 0 | J51: =IF( AND(subscriptions[[#This Row],[end_before_start]]=0, subscriptions[[#This Row],[status_end_mismatch]]=0), 1, 0 ) -> 1
A52: 7433891 | B52: 576133 | C52: 1004 | D52: 45136 | F52: active | G52: =IF(ISNA(_xlfn.XLOOKUP(subscriptions[[#This Row],[customer_id]], customers[customer_id], customers[customer_id])), "NO", "YES") -> YES | H52: =IF(AND(subscriptions[[#This Row],[end_date]]<>"", subscriptions[[#This Row],[end_date]] < subscriptions[[#This Row],[start_date]]), 1, 0) -> 0 | I52: =IF( OR( AND(subscriptions[[#This Row],[status]]="active", subscriptions[[#This Row],[end_date]]<>""), AND(subscriptions[[#This Row],[status]]="churned", subscriptions[[#This Row],[end_date]]="") ), 1, 0 ) -> 0 | J52: =IF( AND(subscriptions[[#This Row],[end_before_start]]=0, subscriptions[[#This Row],[status_end_mismatch]]=0), 1, 0 ) -> 1
A53: 5322289 | B53: 208239 | C53: 1000 | D53: 45537 | E53: 45654 | F53: churned | G53: =IF(ISNA(_xlfn.XLOOKUP(subscriptions[[#This Row],[customer_id]], customers[customer_id], customers[customer_id])), "NO", "YES") -> YES | H53: =IF(AND(subscriptions[[#This Row],[end_date]]<>"", subscriptions[[#This Row],[end_date]] < subscriptions[[#This Row],[start_date]]), 1, 0) -> 0 | I53: =IF( OR( AND(subscriptions[[#This Row],[status]]="active", subscriptions[[#This Row],[end_date]]<>""), AND(subscriptions[[#This Row],[status]]="churned", subscriptions[[#This Row],[end_date]]="") ), 1, 0 ) -> 0 | J53: =IF( AND(subscriptions[[#This Row],[end_before_start]]=0, subscriptions[[#This Row],[status_end_mismatch]]=0), 1, 0 ) -> 1
A54: 3277614 | B54: 356600 | C54: 1002 | D54: 45569 | F54: active | G54: =IF(ISNA(_xlfn.XLOOKUP(subscriptions[[#This Row],[customer_id]], customers[customer_id], customers[customer_id])), "NO", "YES") -> YES | H54: =IF(AND(subscriptions[[#This Row],[end_date]]<>"", subscriptions[[#This Row],[end_date]] < subscriptions[[#This Row],[start_date]]), 1, 0) -> 0 | I54: =IF( OR( AND(subscriptions[[#This Row],[status]]="active", subscriptions[[#This Row],[end_date]]<>""), AND(subscriptions[[#This Row],[status]]="churned", subscriptions[[#This Row],[end_date]]="") ), 1, 0 ) -> 0 | J54: =IF( AND(subscriptions[[#This Row],[end_before_start]]=0, subscriptions[[#This Row],[status_end_mismatch]]=0), 1, 0 ) -> 1
A55: 6583476 | B55: 716204 | C55: 1008 | D55: 45020 | E55: 45357 | F55: churned | G55: =IF(ISNA(_xlfn.XLOOKUP(subscriptions[[#This Row],[customer_id]], customers[customer_id], customers[customer_id])), "NO", "YES") -> YES | H55: =IF(AND(subscriptions[[#This Row],[end_date]]<>"", subscriptions[[#This Row],[end_date]] < subscriptions[[#This Row],[start_date]]), 1, 0) -> 0 | I55: =IF( OR( AND(subscriptions[[#This Row],[status]]="active", subscriptions[[#This Row],[end_date]]<>""), AND(subscriptions[[#This Row],[status]]="churned", subscriptions[[#This Row],[end_date]]="") ), 1, 0 ) -> 0 | J55: =IF( AND(subscriptions[[#This Row],[end_before_start]]=0, subscriptions[[#This Row],[status_end_mismatch]]=0), 1, 0 ) -> 1
A56: 2084932 | B56: 948878 | C56: 1002 | D56: 45264 | F56: active | G56: =IF(ISNA(_xlfn.XLOOKUP(subscriptions[[#This Row],[customer_id]], customers[customer_id], customers[customer_id])), "NO", "YES") -> YES | H56: =IF(AND(subscriptions[[#This Row],[end_date]]<>"", subscriptions[[#This Row],[end_date]] < subscriptions[[#This Row],[start_date]]), 1, 0) -> 0 | I56: =IF( OR( AND(subscriptions[[#This Row],[status]]="active", subscriptions[[#This Row],[end_date]]<>""), AND(subscriptions[[#This Row],[status]]="churned", subscriptions[[#This Row],[end_date]]="") ), 1, 0 ) -> 0 | J56: =IF( AND(subscriptions[[#This Row],[end_before_start]]=0, subscriptions[[#This Row],[status_end_mismatch]]=0), 1, 0 ) -> 1
A57: 7403032 | B57: 921875 | C57: 1000 | D57: 45456 | E57: 45600 | F57: churned | G57: =IF(ISNA(_xlfn.XLOOKUP(subscriptions[[#This Row],[customer_id]], customers[customer_id], customers[customer_id])), "NO", "YES") -> YES | H57: =IF(AND(subscriptions[[#This Row],[end_date]]<>"", subscriptions[[#This Row],[end_date]] < subscriptions[[#This Row],[start_date]]), 1, 0) -> 0 | I57: =IF( OR( AND(subscriptions[[#This Row],[status]]="active", subscriptions[[#This Row],[end_date]]<>""), AND(subscriptions[[#This Row],[status]]="churned", subscriptions[[#This Row],[end_date]]="") ), 1, 0 ) -> 0 | J57: =IF( AND(subscriptions[[#This Row],[end_before_start]]=0, subscriptions[[#This Row],[status_end_mismatch]]=0), 1, 0 ) -> 1
A58: 5346875 | B58: 239849 | C58: 1005 | D58: 44798 | F58: active | G58: =IF(ISNA(_xlfn.XLOOKUP(subscriptions[[#This Row],[customer_id]], customers[customer_id], customers[customer_id])), "NO", "YES") -> YES | H58: =IF(AND(subscriptions[[#This Row],[end_date]]<>"", subscriptions[[#This Row],[end_date]] < subscriptions[[#This Row],[start_date]]), 1, 0) -> 0 | I58: =IF( OR( AND(subscriptions[[#This Row],[status]]="active", subscriptions[[#This Row],[end_date]]<>""), AND(subscriptions[[#This Row],[status]]="churned", subscriptions[[#This Row],[end_date]]="") ), 1, 0 ) -> 0 | J58: =IF( AND(subscriptions[[#This Row],[end_before_start]]=0, subscriptions[[#This Row],[status_end_mismatch]]=0), 1, 0 ) -> 1
A59: 2868688 | B59: 904373 | C59: 1003 | D59: 44744 | F59: active | G59: =IF(ISNA(_xlfn.XLOOKUP(subscriptions[[#This Row],[customer_id]], customers[customer_id], customers[customer_id])), "NO", "YES") -> YES | H59: =IF(AND(subscriptions[[#This Row],[end_date]]<>"", subscriptions[[#This Row],[end_date]] < subscriptions[[#This Row],[start_date]]), 1, 0) -> 0 | I59: =IF( OR( AND(subscriptions[[#This Row],[status]]="active", subscriptions[[#This Row],[end_date]]<>""), AND(subscriptions[[#This Row],[status]]="churned", subscriptions[[#This Row],[end_date]]="") ), 1, 0 ) -> 0 | J59: =IF( AND(subscriptions[[#This Row],[end_before_start]]=0, subscriptions[[#This Row],[status_end_mismatch]]=0), 1, 0 ) -> 1
A60: 4156740 | B60: 100716 | C60: 1002 | D60: 44799 | F60: active | G60: =IF(ISNA(_xlfn.XLOOKUP(subscriptions[[#This Row],[customer_id]], customers[customer_id], customers[customer_id])), "NO", "YES") -> YES | H60: =IF(AND(subscriptions[[#This Row],[end_date]]<>"", subscriptions[[#This Row],[end_date]] < subscriptions[[#This Row],[start_date]]), 1, 0) -> 0 | I60: =IF( OR( AND(subscriptions[[#This Row],[status]]="active", subscriptions[[#This Row],[end_date]]<>""), AND(subscriptions[[#This Row],[status]]="churned", subscriptions[[#This Row],[end_date]]="") ), 1, 0 ) -> 0 | J60: =IF( AND(subscriptions[[#This Row],[end_before_start]]=0, subscriptions[[#This Row],[status_end_mismatch]]=0), 1, 0 ) -> 1
A61: 3137710 | B61: 890075 | C61: 1009 | D61: 45203 | E61: 45528 | F61: churned | G61: =IF(ISNA(_xlfn.XLOOKUP(subscriptions[[#This Row],[customer_id]], customers[customer_id], customers[customer_id])), "NO", "YES") -> YES | H61: =IF(AND(subscriptions[[#This Row],[end_date]]<>"", subscriptions[[#This Row],[end_date]] < subscriptions[[#This Row],[start_date]]), 1, 0) -> 0 | I61: =IF( OR( AND(subscriptions[[#This Row],[status]]="active", subscriptions[[#This Row],[end_date]]<>""), AND(subscriptions[[#This Row],[status]]="churned", subscriptions[[#This Row],[end_date]]="") ), 1, 0 ) -> 0 | J61: =IF( AND(subscriptions[[#This Row],[end_before_start]]=0, subscriptions[[#This Row],[status_end_mismatch]]=0), 1, 0 ) -> 1
A62: 1028160 | B62: 894029 | C62: 1004 | D62: 45198 | F62: active | G62: =IF(ISNA(_xlfn.XLOOKUP(subscriptions[[#This Row],[customer_id]], customers[customer_id], customers[customer_id])), "NO", "YES") -> YES | H62: =IF(AND(subscriptions[[#This Row],[end_date]]<>"", subscriptions[[#This Row],[end_date]] < subscriptions[[#This Row],[start_date]]), 1, 0) -> 0 | I62: =IF( OR( AND(subscriptions[[#This Row],[status]]="active", subscriptions[[#This Row],[end_date]]<>""), AND(subscriptions[[#This Row],[status]]="churned", subscriptions[[#This Row],[end_date]]="") ), 1, 0 ) -> 0 | J62: =IF( AND(subscriptions[[#This Row],[end_before_start]]=0, subscriptions[[#This Row],[status_end_mismatch]]=0), 1, 0 ) -> 1
A63: 9985927 | B63: 519093 | C63: 1009 | D63: 44950 | E63: 45196 | F63: churned | G63: =IF(ISNA(_xlfn.XLOOKUP(subscriptions[[#This Row],[customer_id]], customers[customer_id], customers[customer_id])), "NO", "YES") -> YES | H63: =IF(AND(subscriptions[[#This Row],[end_date]]<>"", subscriptions[[#This Row],[end_date]] < subscriptions[[#This Row],[start_date]]), 1, 0) -> 0 | I63: =IF( OR( AND(subscriptions[[#This Row],[status]]="active", subscriptions[[#This Row],[end_date]]<>""), AND(subscriptions[[#This Row],[status]]="churned", subscriptions[[#This Row],[end_date]]="") ), 1, 0 ) -> 0 | J63: =IF( AND(subscriptions[[#This Row],[end_before_start]]=0, subscriptions[[#This Row],[status_end_mismatch]]=0), 1, 0 ) -> 1
A64: 6362719 | B64: 903702 | C64: 1007 | D64: 45309 | E64: 45403 | F64: churned | G64: =IF(ISNA(_xlfn.XLOOKUP(subscriptions[[#This Row],[customer_id]], customers[customer_id], customers[customer_id])), "NO", "YES") -> YES | H64: =IF(AND(subscriptions[[#This Row],[end_date]]<>"", subscriptions[[#This Row],[end_date]] < subscriptions[[#This Row],[start_date]]), 1, 0) -> 0 | I64: =IF( OR( AND(subscriptions[[#This Row],[status]]="active", subscriptions[[#This Row],[end_date]]<>""), AND(subscriptions[[#This Row],[status]]="churned", subscriptions[[#This Row],[end_date]]="") ), 1, 0 ) -> 0 | J64: =IF( AND(subscriptions[[#This Row],[end_before_start]]=0, subscriptions[[#This Row],[status_end_mismatch]]=0), 1, 0 ) -> 1
A65: 9719981 | B65: 936433 | C65: 1000 | D65: 45016 | F65: active | G65: =IF(ISNA(_xlfn.XLOOKUP(subscriptions[[#This Row],[customer_id]], customers[customer_id], customers[customer_id])), "NO", "YES") -> YES | H65: =IF(AND(subscriptions[[#This Row],[end_date]]<>"", subscriptions[[#This Row],[end_date]] < subscriptions[[#This Row],[start_date]]), 1, 0) -> 0 | I65: =IF( OR( AND(subscriptions[[#This Row],[status]]="active", subscriptions[[#This Row],[end_date]]<>""), AND(subscriptions[[#This Row],[status]]="churned", subscriptions[[#This Row],[end_date]]="") ), 1, 0 ) -> 0 | J65: =IF( AND(subscriptions[[#This Row],[end_before_start]]=0, subscriptions[[#This Row],[status_end_mismatch]]=0), 1, 0 ) -> 1
A66: 1154157 | B66: 299659 | C66: 1005 | D66: 45505 | F66: active | G66: =IF(ISNA(_xlfn.XLOOKUP(subscriptions[[#This Row],[customer_id]], customers[customer_id], customers[customer_id])), "NO", "YES") -> YES | H66: =IF(AND(subscriptions[[#This Row],[end_date]]<>"", subscriptions[[#This Row],[end_date]] < subscriptions[[#This Row],[start_date]]), 1, 0) -> 0 | I66: =IF( OR( AND(subscriptions[[#This Row],[status]]="active", subscriptions[[#This Row],[end_date]]<>""), AND(subscriptions[[#This Row],[status]]="churned", subscriptions[[#This Row],[end_date]]="") ), 1, 0 ) -> 0 | J66: =IF( AND(subscriptions[[#This Row],[end_before_start]]=0, subscriptions[[#This Row],[status_end_mismatch]]=0), 1, 0 ) -> 1
A67: 5979872 | B67: 367382 | C67: 1004 | D67: 45010 | F67: active | G67: =IF(ISNA(_xlfn.XLOOKUP(subscriptions[[#This Row],[customer_id]], customers[customer_id], customers[customer_id])), "NO", "YES") -> YES | H67: =IF(AND(subscriptions[[#This Row],[end_date]]<>"", subscriptions[[#This Row],[end_date]] < subscriptions[[#This Row],[start_date]]), 1, 0) -> 0 | I67: =IF( OR( AND(subscriptions[[#This Row],[status]]="active", subscriptions[[#This Row],[end_date]]<>""), AND(subscriptions[[#This Row],[status]]="churned", subscriptions[[#This Row],[end_date]]="") ), 1, 0 ) -> 0 | J67: =IF( AND(subscriptions[[#This Row],[end_before_start]]=0, subscriptions[[#This Row],[status_end_mismatch]]=0), 1, 0 ) -> 1
A68: 8646795 | B68: 934904 | C68: 1004 | D68: 44863 | E68: 44967 | F68: churned | G68: =IF(ISNA(_xlfn.XLOOKUP(subscriptions[[#This Row],[customer_id]], customers[customer_id], customers[customer_id])), "NO", "YES") -> YES | H68: =IF(AND(subscriptions[[#This Row],[end_date]]<>"", subscriptions[[#This Row],[end_date]] < subscriptions[[#This Row],[start_date]]), 1, 0) -> 0 | I68: =IF( OR( AND(subscriptions[[#This Row],[status]]="active", subscriptions[[#This Row],[end_date]]<>""), AND(subscriptions[[#This Row],[status]]="churned", subscriptions[[#This Row],[end_date]]="") ), 1, 0 ) -> 0 | J68: =IF( AND(subscriptions[[#This Row],[end_before_start]]=0, subscriptions[[#This Row],[status_end_mismatch]]=0), 1, 0 ) -> 1
A69: 1576194 | B69: 432043 | C69: 1004 | D69: 45217 | F69: active | G69: =IF(ISNA(_xlfn.XLOOKUP(subscriptions[[#This Row],[customer_id]], customers[customer_id], customers[customer_id])), "NO", "YES") -> YES | H69: =IF(AND(subscriptions[[#This Row],[end_date]]<>"", subscriptions[[#This Row],[end_date]] < subscriptions[[#This Row],[start_date]]), 1, 0) -> 0 | I69: =IF( OR( AND(subscriptions[[#This Row],[status]]="active", subscriptions[[#This Row],[end_date]]<>""), AND(subscriptions[[#This Row],[status]]="churned", subscriptions[[#This Row],[end_date]]="") ), 1, 0 ) -> 0 | J69: =IF( AND(subscriptions[[#This Row],[end_before_start]]=0, subscriptions[[#This Row],[status_end_mismatch]]=0), 1, 0 ) -> 1
A70: 3071382 | B70: 192296 | C70: 1008 | D70: 45122 | E70: 45513 | F70: churned | G70: =IF(ISNA(_xlfn.XLOOKUP(subscriptions[[#This Row],[customer_id]], customers[customer_id], customers[customer_id])), "NO", "YES") -> YES | H70: =IF(AND(subscriptions[[#This Row],[end_date]]<>"", subscriptions[[#This Row],[end_date]] < subscriptions[[#This Row],[start_date]]), 1, 0) -> 0 | I70: =IF( OR( AND(subscriptions[[#This Row],[status]]="active", subscriptions[[#This Row],[end_date]]<>""), AND(subscriptions[[#This Row],[status]]="churned", subscriptions[[#This Row],[end_date]]="") ), 1, 0 ) -> 0 | J70: =IF( AND(subscriptions[[#This Row],[end_before_start]]=0, subscriptions[[#This Row],[status_end_mismatch]]=0), 1, 0 ) -> 1
A71: 9024252 | B71: 913185 | C71: 1005 | D71: 45003 | F71: active | G71: =IF(ISNA(_xlfn.XLOOKUP(subscriptions[[#This Row],[customer_id]], customers[customer_id], customers[customer_id])), "NO", "YES") -> YES | H71: =IF(AND(subscriptions[[#This Row],[end_date]]<>"", subscriptions[[#This Row],[end_date]] < subscriptions[[#This Row],[start_date]]), 1, 0) -> 0 | I71: =IF( OR( AND(subscriptions[[#This Row],[status]]="active", subscriptions[[#This Row],[end_date]]<>""), AND(subscriptions[[#This Row],[status]]="churned", subscriptions[[#This Row],[end_date]]="") ), 1, 0 ) -> 0 | J71: =IF( AND(subscriptions[[#This Row],[end_before_start]]=0, subscriptions[[#This Row],[status_end_mismatch]]=0), 1, 0 ) -> 1
A72: 7320122 | B72: 506941 | C72: 1008 | D72: 44682 | E72: 44882 | F72: churned | G72: =IF(ISNA(_xlfn.XLOOKUP(subscriptions[[#This Row],[customer_id]], customers[customer_id], customers[customer_id])), "NO", "YES") -> YES | H72: =IF(AND(subscriptions[[#This Row],[end_date]]<>"", subscriptions[[#This Row],[end_date]] < subscriptions[[#This Row],[start_date]]), 1, 0) -> 0 | I72: =IF( OR( AND(subscriptions[[#This Row],[status]]="active", subscriptions[[#This Row],[end_date]]<>""), AND(subscriptions[[#This Row],[status]]="churned", subscriptions[[#This Row],[end_date]]="") ), 1, 0 ) -> 0 | J72: =IF( AND(subscriptions[[#This Row],[end_before_start]]=0, subscriptions[[#This Row],[status_end_mismatch]]=0), 1, 0 ) -> 1
A73: 3561918 | B73: 468154 | C73: 1004 | D73: 44993 | E73: 45138 | F73: churned | G73: =IF(ISNA(_xlfn.XLOOKUP(subscriptions[[#This Row],[customer_id]], customers[customer_id], customers[customer_id])), "NO", "YES") -> YES | H73: =IF(AND(subscriptions[[#This Row],[end_date]]<>"", subscriptions[[#This Row],[end_date]] < subscriptions[[#This Row],[start_date]]), 1, 0) -> 0 | I73: =IF( OR( AND(subscriptions[[#This Row],[status]]="active", subscriptions[[#This Row],[end_date]]<>""), AND(subscriptions[[#This Row],[status]]="churned", subscriptions[[#This Row],[end_date]]="") ), 1, 0 ) -> 0 | J73: =IF( AND(subscriptions[[#This Row],[end_before_start]]=0, subscriptions[[#This Row],[status_end_mismatch]]=0), 1, 0 ) -> 1
A74: 1881916 | B74: 186424 | C74: 1000 | D74: 44928 | E74: 45158 | F74: churned | G74: =IF(ISNA(_xlfn.XLOOKUP(subscriptions[[#This Row],[customer_id]], customers[customer_id], customers[customer_id])), "NO", "YES") -> YES | H74: =IF(AND(subscriptions[[#This Row],[end_date]]<>"", subscriptions[[#This Row],[end_date]] < subscriptions[[#This Row],[start_date]]), 1, 0) -> 0 | I74: =IF( OR( AND(subscriptions[[#This Row],[status]]="active", subscriptions[[#This Row],[end_date]]<>""), AND(subscriptions[[#This Row],[status]]="churned", subscriptions[[#This Row],[end_date]]="") ), 1, 0 ) -> 0 | J74: =IF( AND(subscriptions[[#This Row],[end_before_start]]=0, subscriptions[[#This Row],[status_end_mismatch]]=0), 1, 0 ) -> 1
A75: 6018095 | B75: 948097 | C75: 1006 | D75: 44888 | E75: 45198 | F75: churned | G75: =IF(ISNA(_xlfn.XLOOKUP(subscriptions[[#This Row],[customer_id]], customers[customer_id], customers[customer_id])), "NO", "YES") -> YES | H75: =IF(AND(subscriptions[[#This Row],[end_date]]<>"", subscriptions[[#This Row],[end_date]] < subscriptions[[#This Row],[start_date]]), 1, 0) -> 0 | I75: =IF( OR( AND(subscriptions[[#This Row],[status]]="active", subscriptions[[#This Row],[end_date]]<>""), AND(subscriptions[[#This Row],[status]]="churned", subscriptions[[#This Row],[end_date]]="") ), 1, 0 ) -> 0 | J75: =IF( AND(subscriptions[[#This Row],[end_before_start]]=0, subscriptions[[#This Row],[status_end_mismatch]]=0), 1, 0 ) -> 1
A76: 7581459 | B76: 493247 | C76: 1007 | D76: 45253 | F76: active | G76: =IF(ISNA(_xlfn.XLOOKUP(subscriptions[[#This Row],[customer_id]], customers[customer_id], customers[customer_id])), "NO", "YES") -> YES | H76: =IF(AND(subscriptions[[#This Row],[end_date]]<>"", subscriptions[[#This Row],[end_date]] < subscriptions[[#This Row],[start_date]]), 1, 0) -> 0 | I76: =IF( OR( AND(subscriptions[[#This Row],[status]]="active", subscriptions[[#This Row],[end_date]]<>""), AND(subscriptions[[#This Row],[status]]="churned", subscriptions[[#This Row],[end_date]]="") ), 1, 0 ) -> 0 | J76: =IF( AND(subscriptions[[#This Row],[end_before_start]]=0, subscriptions[[#This Row],[status_end_mismatch]]=0), 1, 0 ) -> 1
A77: 8942696 | B77: 970840 | C77: 1004 | D77: 45275 | E77: 45505 | F77: churned | G77: =IF(ISNA(_xlfn.XLOOKUP(subscriptions[[#This Row],[customer_id]], customers[customer_id], customers[customer_id])), "NO", "YES") -> YES | H77: =IF(AND(subscriptions[[#This Row],[end_date]]<>"", subscriptions[[#This Row],[end_date]] < subscriptions[[#This Row],[start_date]]), 1, 0) -> 0 | I77: =IF( OR( AND(subscriptions[[#This Row],[status]]="active", subscriptions[[#This Row],[end_date]]<>""), AND(subscriptions[[#This Row],[status]]="churned", subscriptions[[#This Row],[end_date]]="") ), 1, 0 ) -> 0 | J77: =IF( AND(subscriptions[[#This Row],[end_before_start]]=0, subscriptions[[#This Row],[status_end_mismatch]]=0), 1, 0 ) -> 1
A78: 2204993 | B78: 568288 | C78: 1000 | D78: 45141 | F78: active | G78: =IF(ISNA(_xlfn.XLOOKUP(subscriptions[[#This Row],[customer_id]], customers[customer_id], customers[customer_id])), "NO", "YES") -> YES | H78: =IF(AND(subscriptions[[#This Row],[end_date]]<>"", subscriptions[[#This Row],[end_date]] < subscriptions[[#This Row],[start_date]]), 1, 0) -> 0 | I78: =IF( OR( AND(subscriptions[[#This Row],[status]]="active", subscriptions[[#This Row],[end_date]]<>""), AND(subscriptions[[#This Row],[status]]="churned", subscriptions[[#This Row],[end_date]]="") ), 1, 0 ) -> 0 | J78: =IF( AND(subscriptions[[#This Row],[end_before_start]]=0, subscriptions[[#This Row],[status_end_mismatch]]=0), 1, 0 ) -> 1
A79: 4273103 | B79: 873266 | C79: 1005 | D79: 45368 | F79: active | G79: =IF(ISNA(_xlfn.XLOOKUP(subscriptions[[#This Row],[customer_id]], customers[customer_id], customers[customer_id])), "NO", "YES") -> YES | H79: =IF(AND(subscriptions[[#This Row],[end_date]]<>"", subscriptions[[#This Row],[end_date]] < subscriptions[[#This Row],[start_date]]), 1, 0) -> 0 | I79: =IF( OR( AND(subscriptions[[#This Row],[status]]="active", subscriptions[[#This Row],[end_date]]<>""), AND(subscriptions[[#This Row],[status]]="churned", subscriptions[[#This Row],[end_date]]="") ), 1, 0 ) -> 0 | J79: =IF( AND(subscriptions[[#This Row],[end_before_start]]=0, subscriptions[[#This Row],[status_end_mismatch]]=0), 1, 0 ) -> 1
A80: 6426063 | B80: 136554 | C80: 1003 | D80: 44672 | E80: 45065 | F80: churned | G80: =IF(ISNA(_xlfn.XLOOKUP(subscriptions[[#This Row],[customer_id]], customers[customer_id], customers[customer_id])), "NO", "YES") -> YES | H80: =IF(AND(subscriptions[[#This Row],[end_date]]<>"", subscriptions[[#This Row],[end_date]] < subscriptions[[#This Row],[start_date]]), 1, 0) -> 0 | I80: =IF( OR( AND(subscriptions[[#This Row],[status]]="active", subscriptions[[#This Row],[end_date]]<>""), AND(subscriptions[[#This Row],[status]]="churned", subscriptions[[#This Row],[end_date]]="") ), 1, 0 ) -> 0 | J80: =IF( AND(subscriptions[[#This Row],[end_before_start]]=0, subscriptions[[#This Row],[status_end_mismatch]]=0), 1, 0 ) -> 1
A81: 6101515 | B81: 903702 | C81: 1000 | D81: 45499 | E81: 45653 | F81: churned | G81: =IF(ISNA(_xlfn.XLOOKUP(subscriptions[[#This Row],[customer_id]], customers[customer_id], customers[customer_id])), "NO", "YES") -> YES | H81: =IF(AND(subscriptions[[#This Row],[end_date]]<>"", subscriptions[[#This Row],[end_date]] < subscriptions[[#This Row],[start_date]]), 1, 0) -> 0 | I81: =IF( OR( AND(subscriptions[[#This Row],[status]]="active", subscriptions[[#This Row],[end_date]]<>""), AND(subscriptions[[#This Row],[status]]="churned", subscriptions[[#This Row],[end_date]]="") ), 1, 0 ) -> 0 | J81: =IF( AND(subscriptions[[#This Row],[end_before_start]]=0, subscriptions[[#This Row],[status_end_mismatch]]=0), 1, 0 ) -> 1
A82: 8413578 | B82: 528728 | C82: 1004 | D82: 45550 | F82: active | G82: =IF(ISNA(_xlfn.XLOOKUP(subscriptions[[#This Row],[customer_id]], customers[customer_id], customers[customer_id])), "NO", "YES") -> YES | H82: =IF(AND(subscriptions[[#This Row],[end_date]]<>"", subscriptions[[#This Row],[end_date]] < subscriptions[[#This Row],[start_date]]), 1, 0) -> 0 | I82: =IF( OR( AND(subscriptions[[#This Row],[status]]="active", subscriptions[[#This Row],[end_date]]<>""), AND(subscriptions[[#This Row],[status]]="churned", subscriptions[[#This Row],[end_date]]="") ), 1, 0 ) -> 0 | J82: =IF( AND(subscriptions[[#This Row],[end_before_start]]=0, subscriptions[[#This Row],[status_end_mismatch]]=0), 1, 0 ) -> 1
A83: 3429724 | B83: 734366 | C83: 1005 | D83: 44991 | F83: active | G83: =IF(ISNA(_xlfn.XLOOKUP(subscriptions[[#This Row],[customer_id]], customers[customer_id], customers[customer_id])), "NO", "YES") -> YES | H83: =IF(AND(subscriptions[[#This Row],[end_date]]<>"", subscriptions[[#This Row],[end_date]] < subscriptions[[#This Row],[start_date]]), 1, 0) -> 0 | I83: =IF( OR( AND(subscriptions[[#This Row],[status]]="active", subscriptions[[#This Row],[end_date]]<>""), AND(subscriptions[[#This Row],[status]]="churned", subscriptions[[#This Row],[end_date]]="") ), 1, 0 ) -> 0 | J83: =IF( AND(subscriptions[[#This Row],[end_before_start]]=0, subscriptions[[#This Row],[status_end_mismatch]]=0), 1, 0 ) -> 1
A84: 4282547 | B84: 629818 | C84: 1006 | D84: 44580 | F84: active | G84: =IF(ISNA(_xlfn.XLOOKUP(subscriptions[[#This Row],[customer_id]], customers[customer_id], customers[customer_id])), "NO", "YES") -> YES | H84: =IF(AND(subscriptions[[#This Row],[end_date]]<>"", subscriptions[[#This Row],[end_date]] < subscriptions[[#This Row],[start_date]]), 1, 0) -> 0 | I84: =IF( OR( AND(subscriptions[[#This Row],[status]]="active", subscriptions[[#This Row],[end_date]]<>""), AND(subscriptions[[#This Row],[status]]="churned", subscriptions[[#This Row],[end_date]]="") ), 1, 0 ) -> 0 | J84: =IF( AND(subscriptions[[#This Row],[end_before_start]]=0, subscriptions[[#This Row],[status_end_mismatch]]=0), 1, 0 ) -> 1
A85: 2710400 | B85: 204180 | C85: 1007 | D85: 44864 | F85: active | G85: =IF(ISNA(_xlfn.XLOOKUP(subscriptions[[#This Row],[customer_id]], customers[customer_id], customers[customer_id])), "NO", "YES") -> YES | H85: =IF(AND(subscriptions[[#This Row],[end_date]]<>"", subscriptions[[#This Row],[end_date]] < subscriptions[[#This Row],[start_date]]), 1, 0) -> 0 | I85: =IF( OR( AND(subscriptions[[#This Row],[status]]="active", subscriptions[[#This Row],[end_date]]<>""), AND(subscriptions[[#This Row],[status]]="churned", subscriptions[[#This Row],[end_date]]="") ), 1, 0 ) -> 0 | J85: =IF( AND(subscriptions[[#This Row],[end_before_start]]=0, subscriptions[[#This Row],[status_end_mismatch]]=0), 1, 0 ) -> 1
A86: 8165734 | B86: 252640 | C86: 1004 | D86: 44906 | E86: 44985 | F86: churned | G86: =IF(ISNA(_xlfn.XLOOKUP(subscriptions[[#This Row],[customer_id]], customers[customer_id], customers[customer_id])), "NO", "YES") -> YES | H86: =IF(AND(subscriptions[[#This Row],[end_date]]<>"", subscriptions[[#This Row],[end_date]] < subscriptions[[#This Row],[start_date]]), 1, 0) -> 0 | I86: =IF( OR( AND(subscriptions[[#This Row],[status]]="active", subscriptions[[#This Row],[end_date]]<>""), AND(subscriptions[[#This Row],[status]]="churned", subscriptions[[#This Row],[end_date]]="") ), 1, 0 ) -> 0 | J86: =IF( AND(subscriptions[[#This Row],[end_before_start]]=0, subscriptions[[#This Row],[status_end_mismatch]]=0), 1, 0 ) -> 1
A87: 6965707 | B87: 352356 | C87: 1002 | D87: 45532 | F87: active | G87: =IF(ISNA(_xlfn.XLOOKUP(subscriptions[[#This Row],[customer_id]], customers[customer_id], customers[customer_id])), "NO", "YES") -> YES | H87: =IF(AND(subscriptions[[#This Row],[end_date]]<>"", subscriptions[[#This Row],[end_date]] < subscriptions[[#This Row],[start_date]]), 1, 0) -> 0 | I87: =IF( OR( AND(subscriptions[[#This Row],[status]]="active", subscriptions[[#This Row],[end_date]]<>""), AND(subscriptions[[#This Row],[status]]="churned", subscriptions[[#This Row],[end_date]]="") ), 1, 0 ) -> 0 | J87: =IF( AND(subscriptions[[#This Row],[end_before_start]]=0, subscriptions[[#This Row],[status_end_mismatch]]=0), 1, 0 ) -> 1
A88: 1880336 | B88: 517568 | C88: 1006 | D88: 44802 | E88: 45164 | F88: churned | G88: =IF(ISNA(_xlfn.XLOOKUP(subscriptions[[#This Row],[customer_id]], customers[customer_id], customers[customer_id])), "NO", "YES") -> YES | H88: =IF(AND(subscriptions[[#This Row],[end_date]]<>"", subscriptions[[#This Row],[end_date]] < subscriptions[[#This Row],[start_date]]), 1, 0) -> 0 | I88: =IF( OR( AND(subscriptions[[#This Row],[status]]="active", subscriptions[[#This Row],[end_date]]<>""), AND(subscriptions[[#This Row],[status]]="churned", subscriptions[[#This Row],[end_date]]="") ), 1, 0 ) -> 0 | J88: =IF( AND(subscriptions[[#This Row],[end_before_start]]=0, subscriptions[[#This Row],[status_end_mismatch]]=0), 1, 0 ) -> 1
A89: 6678849 | B89: 921875 | C89: 1008 | D89: 45450 | E89: 45634 | F89: churned | G89: =IF(ISNA(_xlfn.XLOOKUP(subscriptions[[#This Row],[customer_id]], customers[customer_id], customers[customer_id])), "NO", "YES") -> YES | H89: =IF(AND(subscriptions[[#This Row],[end_date]]<>"", subscriptions[[#This Row],[end_date]] < subscriptions[[#This Row],[start_date]]), 1, 0) -> 0 | I89: =IF( OR( AND(subscriptions[[#This Row],[status]]="active", subscriptions[[#This Row],[end_date]]<>""), AND(subscriptions[[#This Row],[status]]="churned", subscriptions[[#This Row],[end_date]]="") ), 1, 0 ) -> 0 | J89: =IF( AND(subscriptions[[#This Row],[end_before_start]]=0, subscriptions[[#This Row],[status_end_mismatch]]=0), 1, 0 ) -> 1
A90: 7777894 | B90: 828799 | C90: 1002 | D90: 45063 | F90: active | G90: =IF(ISNA(_xlfn.XLOOKUP(subscriptions[[#This Row],[customer_id]], customers[customer_id], customers[customer_id])), "NO", "YES") -> YES | H90: =IF(AND(subscriptions[[#This Row],[end_date]]<>"", subscriptions[[#This Row],[end_date]] < subscriptions[[#This Row],[start_date]]), 1, 0) -> 0 | I90: =IF( OR( AND(subscriptions[[#This Row],[status]]="active", subscriptions[[#This Row],[end_date]]<>""), AND(subscriptions[[#This Row],[status]]="churned", subscriptions[[#This Row],[end_date]]="") ), 1, 0 ) -> 0 | J90: =IF( AND(subscriptions[[#This Row],[end_before_start]]=0, subscriptions[[#This Row],[status_end_mismatch]]=0), 1, 0 ) -> 1
A91: 5040883 | B91: 954441 | C91: 1001 | D91: 45374 | F91: active | G91: =IF(ISNA(_xlfn.XLOOKUP(subscriptions[[#This Row],[customer_id]], customers[customer_id], customers[customer_id])), "NO", "YES") -> YES | H91: =IF(AND(subscriptions[[#This Row],[end_date]]<>"", subscriptions[[#This Row],[end_date]] < subscriptions[[#This Row],[start_date]]), 1, 0) -> 0 | I91: =IF( OR( AND(subscriptions[[#This Row],[status]]="active", subscriptions[[#This Row],[end_date]]<>""), AND(subscriptions[[#This Row],[status]]="churned", subscriptions[[#This Row],[end_date]]="") ), 1, 0 ) -> 0 | J91: =IF( AND(subscriptions[[#This Row],[end_before_start]]=0, subscriptions[[#This Row],[status_end_mismatch]]=0), 1, 0 ) -> 1
A92: 3893851 | B92: 586288 | C92: 1004 | D92: 45330 | E92: 45636 | F92: churned | G92: =IF(ISNA(_xlfn.XLOOKUP(subscriptions[[#This Row],[customer_id]], customers[customer_id], customers[customer_id])), "NO", "YES") -> YES | H92: =IF(AND(subscriptions[[#This Row],[end_date]]<>"", subscriptions[[#This Row],[end_date]] < subscriptions[[#This Row],[start_date]]), 1, 0) -> 0 | I92: =IF( OR( AND(subscriptions[[#This Row],[status]]="active", subscriptions[[#This Row],[end_date]]<>""), AND(subscriptions[[#This Row],[status]]="churned", subscriptions[[#This Row],[end_date]]="") ), 1, 0 ) -> 0 | J92: =IF( AND(subscriptions[[#This Row],[end_before_start]]=0, subscriptions[[#This Row],[status_end_mismatch]]=0), 1, 0 ) -> 1
A93: 2503425 | B93: 299742 | C93: 1003 | D93: 45511 | E93: 45645 | F93: churned | G93: =IF(ISNA(_xlfn.XLOOKUP(subscriptions[[#This Row],[customer_id]], customers[customer_id], customers[customer_id])), "NO", "YES") -> YES | H93: =IF(AND(subscriptions[[#This Row],[end_date]]<>"", subscriptions[[#This Row],[end_date]] < subscriptions[[#This Row],[start_date]]), 1, 0) -> 0 | I93: =IF( OR( AND(subscriptions[[#This Row],[status]]="active", subscriptions[[#This Row],[end_date]]<>""), AND(subscriptions[[#This Row],[status]]="churned", subscriptions[[#This Row],[end_date]]="") ), 1, 0 ) -> 0 | J93: =IF( AND(subscriptions[[#This Row],[end_before_start]]=0, subscriptions[[#This Row],[status_end_mismatch]]=0), 1, 0 ) -> 1
A94: 5617358 | B94: 969693 | C94: 1001 | D94: 45473 | F94: active | G94: =IF(ISNA(_xlfn.XLOOKUP(subscriptions[[#This Row],[customer_id]], customers[customer_id], customers[customer_id])), "NO", "YES") -> YES | H94: =IF(AND(subscriptions[[#This Row],[end_date]]<>"", subscriptions[[#This Row],[end_date]] < subscriptions[[#This Row],[start_date]]), 1, 0) -> 0 | I94: =IF( OR( AND(subscriptions[[#This Row],[status]]="active", subscriptions[[#This Row],[end_date]]<>""), AND(subscriptions[[#This Row],[status]]="churned", subscriptions[[#This Row],[end_date]]="") ), 1, 0 ) -> 0 | J94: =IF( AND(subscriptions[[#This Row],[end_before_start]]=0, subscriptions[[#This Row],[status_end_mismatch]]=0), 1, 0 ) -> 1
A95: 3013272 | B95: 243167 | C95: 1001 | D95: 44800 | F95: active | G95: =IF(ISNA(_xlfn.XLOOKUP(subscriptions[[#This Row],[customer_id]], customers[customer_id], customers[customer_id])), "NO", "YES") -> YES | H95: =IF(AND(subscriptions[[#This Row],[end_date]]<>"", subscriptions[[#This Row],[end_date]] < subscriptions[[#This Row],[start_date]]), 1, 0) -> 0 | I95: =IF( OR( AND(subscriptions[[#This Row],[status]]="active", subscriptions[[#This Row],[end_date]]<>""), AND(subscriptions[[#This Row],[status]]="churned", subscriptions[[#This Row],[end_date]]="") ), 1, 0 ) -> 0 | J95: =IF( AND(subscriptions[[#This Row],[end_before_start]]=0, subscriptions[[#This Row],[status_end_mismatch]]=0), 1, 0 ) -> 1
A96: 9207723 | B96: 645209 | C96: 1006 | D96: 45022 | F96: active | G96: =IF(ISNA(_xlfn.XLOOKUP(subscriptions[[#This Row],[customer_id]], customers[customer_id], customers[customer_id])), "NO", "YES") -> YES | H96: =IF(AND(subscriptions[[#This Row],[end_date]]<>"", subscriptions[[#This Row],[end_date]] < subscriptions[[#This Row],[start_date]]), 1, 0) -> 0 | I96: =IF( OR( AND(subscriptions[[#This Row],[status]]="active", subscriptions[[#This Row],[end_date]]<>""), AND(subscriptions[[#This Row],[status]]="churned", subscriptions[[#This Row],[end_date]]="") ), 1, 0 ) -> 0 | J96: =IF( AND(subscriptions[[#This Row],[end_before_start]]=0, subscriptions[[#This Row],[status_end_mismatch]]=0), 1, 0 ) -> 1
A97: 9044647 | B97: 115063 | C97: 1002 | D97: 45122 | E97: 45200 | F97: churned | G97: =IF(ISNA(_xlfn.XLOOKUP(subscriptions[[#This Row],[customer_id]], customers[customer_id], customers[customer_id])), "NO", "YES") -> YES | H97: =IF(AND(subscriptions[[#This Row],[end_date]]<>"", subscriptions[[#This Row],[end_date]] < subscriptions[[#This Row],[start_date]]), 1, 0) -> 0 | I97: =IF( OR( AND(subscriptions[[#This Row],[status]]="active", subscriptions[[#This Row],[end_date]]<>""), AND(subscriptions[[#This Row],[status]]="churned", subscriptions[[#This Row],[end_date]]="") ), 1, 0 ) -> 0 | J97: =IF( AND(subscriptions[[#This Row],[end_before_start]]=0, subscriptions[[#This Row],[status_end_mismatch]]=0), 1, 0 ) -> 1
A98: 4038296 | B98: 344312 | C98: 1004 | D98: 45348 | F98: active | G98: =IF(ISNA(_xlfn.XLOOKUP(subscriptions[[#This Row],[customer_id]], customers[customer_id], customers[customer_id])), "NO", "YES") -> YES | H98: =IF(AND(subscriptions[[#This Row],[end_date]]<>"", subscriptions[[#This Row],[end_date]] < subscriptions[[#This Row],[start_date]]), 1, 0) -> 0 | I98: =IF( OR( AND(subscriptions[[#This Row],[status]]="active", subscriptions[[#This Row],[end_date]]<>""), AND(subscriptions[[#This Row],[status]]="churned", subscriptions[[#This Row],[end_date]]="") ), 1, 0 ) -> 0 | J98: =IF( AND(subscriptions[[#This Row],[end_before_start]]=0, subscriptions[[#This Row],[status_end_mismatch]]=0), 1, 0 ) -> 1
A99: 8275548 | B99: 544692 | C99: 1005 | D99: 45173 | F99: active | G99: =IF(ISNA(_xlfn.XLOOKUP(subscriptions[[#This Row],[customer_id]], customers[customer_id], customers[customer_id])), "NO", "YES") -> YES | H99: =IF(AND(subscriptions[[#This Row],[end_date]]<>"", subscriptions[[#This Row],[end_date]] < subscriptions[[#This Row],[start_date]]), 1, 0) -> 0 | I99: =IF( OR( AND(subscriptions[[#This Row],[status]]="active", subscriptions[[#This Row],[end_date]]<>""), AND(subscriptions[[#This Row],[status]]="churned", subscriptions[[#This Row],[end_date]]="") ), 1, 0 ) -> 0 | J99: =IF( AND(subscriptions[[#This Row],[end_before_start]]=0, subscriptions[[#This Row],[status_end_mismatch]]=0), 1, 0 ) -> 1
A100: 2668347 | B100: 514798 | C100: 1003 | D100: 45228 | F100: active | G100: =IF(ISNA(_xlfn.XLOOKUP(subscriptions[[#This Row],[customer_id]], customers[customer_id], customers[customer_id])), "NO", "YES") -> YES | H100: =IF(AND(subscriptions[[#This Row],[end_date]]<>"", subscriptions[[#This Row],[end_date]] < subscriptions[[#This Row],[start_date]]), 1, 0) -> 0 | I100: =IF( OR( AND(subscriptions[[#This Row],[status]]="active", subscriptions[[#This Row],[end_date]]<>""), AND(subscriptions[[#This Row],[status]]="churned", subscriptions[[#This Row],[end_date]]="") ), 1, 0 ) -> 0 | J100: =IF( AND(subscriptions[[#This Row],[end_before_start]]=0, subscriptions[[#This Row],[status_end_mismatch]]=0), 1, 0 ) -> 1
...

Sheet payments_clean
A1: payment_id | B1: subscription_id | C1: payment_date | D1: amount | E1: subscription_exists | F1: sub_start_date | G1: sub_end_date | H1: before_start | I1: after_end | J1: invalid_amount | K1: is_valid_payment
A2: 29070042 | B2: 8266453 | C2: 45364 | D2: 1490 | E2: =IF( ISNA( _xlfn.XLOOKUP( payments_raw[[#This Row],[subscription_id]], subscriptions[subscription_id], subscriptions[subscription_id] ) ), 0, 1 ) -> 1 | F2: =_xlfn.XLOOKUP(payments_raw[[#This Row],[subscription_id]], subscriptions[subscription_id], subscriptions[start_date]) -> 44970 | G2: =IF(_xlfn.XLOOKUP(payments_raw[[#This Row],[subscription_id]], subscriptions[subscription_id], subscriptions[end_date])=0,"",_xlfn.XLOOKUP(payments_raw[[#This Row],[subscription_id]], subscriptions[subscription_id], subscriptions[end_date])) | H2: =IF(payments_raw[[#This Row],[payment_date]] < payments_raw[[#This Row],[sub_start_date]], 1, 0) -> 0 | I2: =IF(AND(payments_raw[[#This Row],[sub_end_date]]<>"", payments_raw[[#This Row],[payment_date]] > payments_raw[[#This Row],[sub_end_date]]), 1, 0) -> 0 | J2: =IF(payments_raw[[#This Row],[amount]] <= 0, 1, 0) -> 0 | K2: =IF( AND( payments_raw[[#This Row],[subscription_exists]]=1, payments_raw[[#This Row],[before_start]]=0, payments_raw[[#This Row],[after_end]]=0, payments_raw[[#This Row],[invalid_amount]]=0 ), 1, 0 ) -> 1
A3: 13285625 | B3: 3457722 | C3: 44997 | D3: 149 | E3: =IF( ISNA( _xlfn.XLOOKUP( payments_raw[[#This Row],[subscription_id]], subscriptions[subscription_id], subscriptions[subscription_id] ) ), 0, 1 ) -> 1 | F3: =_xlfn.XLOOKUP(payments_raw[[#This Row],[subscription_id]], subscriptions[subscription_id], subscriptions[start_date]) -> 44855 | G3: =IF(_xlfn.XLOOKUP(payments_raw[[#This Row],[subscription_id]], subscriptions[subscription_id], subscriptions[end_date])=0,"",_xlfn.XLOOKUP(payments_raw[[#This Row],[subscription_id]], subscriptions[subscription_id], subscriptions[end_date])) | H3: =IF(payments_raw[[#This Row],[payment_date]] < payments_raw[[#This Row],[sub_start_date]], 1, 0) -> 0 | I3: =IF(AND(payments_raw[[#This Row],[sub_end_date]]<>"", payments_raw[[#This Row],[payment_date]] > payments_raw[[#This Row],[sub_end_date]]), 1, 0) -> 0 | J3: =IF(payments_raw[[#This Row],[amount]] <= 0, 1, 0) -> 0 | K3: =IF( AND( payments_raw[[#This Row],[subscription_exists]]=1, payments_raw[[#This Row],[before_start]]=0, payments_raw[[#This Row],[after_end]]=0, payments_raw[[#This Row],[invalid_amount]]=0 ), 1, 0 ) -> 1
A4: 61198338 | B4: 3376783 | C4: 45213 | D4: 149 | E4: =IF( ISNA( _xlfn.XLOOKUP( payments_raw[[#This Row],[subscription_id]], subscriptions[subscription_id], subscriptions[subscription_id] ) ), 0, 1 ) -> 1 | F4: =_xlfn.XLOOKUP(payments_raw[[#This Row],[subscription_id]], subscriptions[subscription_id], subscriptions[start_date]) -> 45175 | G4: =IF(_xlfn.XLOOKUP(payments_raw[[#This Row],[subscription_id]], subscriptions[subscription_id], subscriptions[end_date])=0,"",_xlfn.XLOOKUP(payments_raw[[#This Row],[subscription_id]], subscriptions[subscription_id], subscriptions[end_date])) -> 45315 | H4: =IF(payments_raw[[#This Row],[payment_date]] < payments_raw[[#This Row],[sub_start_date]], 1, 0) -> 0 | I4: =IF(AND(payments_raw[[#This Row],[sub_end_date]]<>"", payments_raw[[#This Row],[payment_date]] > payments_raw[[#This Row],[sub_end_date]]), 1, 0) -> 0 | J4: =IF(payments_raw[[#This Row],[amount]] <= 0, 1, 0) -> 0 | K4: =IF( AND( payments_raw[[#This Row],[subscription_exists]]=1, payments_raw[[#This Row],[before_start]]=0, payments_raw[[#This Row],[after_end]]=0, payments_raw[[#This Row],[invalid_amount]]=0 ), 1, 0 ) -> 1
A5: 11872359 | B5: 6196562 | C5: 45203 | D5: 19 | E5: =IF( ISNA( _xlfn.XLOOKUP( payments_raw[[#This Row],[subscription_id]], subscriptions[subscription_id], subscriptions[subscription_id] ) ), 0, 1 ) -> 1 | F5: =_xlfn.XLOOKUP(payments_raw[[#This Row],[subscription_id]], subscriptions[subscription_id], subscriptions[start_date]) -> 44981 | G5: =IF(_xlfn.XLOOKUP(payments_raw[[#This Row],[subscription_id]], subscriptions[subscription_id], subscriptions[end_date])=0,"",_xlfn.XLOOKUP(payments_raw[[#This Row],[subscription_id]], subscriptions[subscription_id], subscriptions[end_date])) -> 45345 | H5: =IF(payments_raw[[#This Row],[payment_date]] < payments_raw[[#This Row],[sub_start_date]], 1, 0) -> 0 | I5: =IF(AND(payments_raw[[#This Row],[sub_end_date]]<>"", payments_raw[[#This Row],[payment_date]] > payments_raw[[#This Row],[sub_end_date]]), 1, 0) -> 0 | J5: =IF(payments_raw[[#This Row],[amount]] <= 0, 1, 0) -> 0 | K5: =IF( AND( payments_raw[[#This Row],[subscription_exists]]=1, payments_raw[[#This Row],[before_start]]=0, payments_raw[[#This Row],[after_end]]=0, payments_raw[[#This Row],[invalid_amount]]=0 ), 1, 0 ) -> 1
A6: 98821543 | B6: 2945459 | C6: 45528 | D6: 1490 | E6: =IF( ISNA( _xlfn.XLOOKUP( payments_raw[[#This Row],[subscription_id]], subscriptions[subscription_id], subscriptions[subscription_id] ) ), 0, 1 ) -> 1 | F6: =_xlfn.XLOOKUP(payments_raw[[#This Row],[subscription_id]], subscriptions[subscription_id], subscriptions[start_date]) -> 45484 | G6: =IF(_xlfn.XLOOKUP(payments_raw[[#This Row],[subscription_id]], subscriptions[subscription_id], subscriptions[end_date])=0,"",_xlfn.XLOOKUP(payments_raw[[#This Row],[subscription_id]], subscriptions[subscription_id], subscriptions[end_date])) | H6: =IF(payments_raw[[#This Row],[payment_date]] < payments_raw[[#This Row],[sub_start_date]], 1, 0) -> 0 | I6: =IF(AND(payments_raw[[#This Row],[sub_end_date]]<>"", payments_raw[[#This Row],[payment_date]] > payments_raw[[#This Row],[sub_end_date]]), 1, 0) -> 0 | J6: =IF(payments_raw[[#This Row],[amount]] <= 0, 1, 0) -> 0 | K6: =IF( AND( payments_raw[[#This Row],[subscription_exists]]=1, payments_raw[[#This Row],[before_start]]=0, payments_raw[[#This Row],[after_end]]=0, payments_raw[[#This Row],[invalid_amount]]=0 ), 1, 0 ) -> 1
A7: 34683931 | B7: 2084084 | C7: 45276 | D7: 2242.5 | E7: =IF( ISNA( _xlfn.XLOOKUP( payments_raw[[#This Row],[subscription_id]], subscriptions[subscription_id], subscriptions[subscription_id] ) ), 0, 1 ) -> 1 | F7: =_xlfn.XLOOKUP(payments_raw[[#This Row],[subscription_id]], subscriptions[subscription_id], subscriptions[start_date]) -> 45165 | G7: =IF(_xlfn.XLOOKUP(payments_raw[[#This Row],[subscription_id]], subscriptions[subscription_id], subscriptions[end_date])=0,"",_xlfn.XLOOKUP(payments_raw[[#This Row],[subscription_id]], subscriptions[subscription_id], subscriptions[end_date])) | H7: =IF(payments_raw[[#This Row],[payment_date]] < payments_raw[[#This Row],[sub_start_date]], 1, 0) -> 0 | I7: =IF(AND(payments_raw[[#This Row],[sub_end_date]]<>"", payments_raw[[#This Row],[payment_date]] > payments_raw[[#This Row],[sub_end_date]]), 1, 0) -> 0 | J7: =IF(payments_raw[[#This Row],[amount]] <= 0, 1, 0) -> 0 | K7: =IF( AND( payments_raw[[#This Row],[subscription_exists]]=1, payments_raw[[#This Row],[before_start]]=0, payments_raw[[#This Row],[after_end]]=0, payments_raw[[#This Row],[invalid_amount]]=0 ), 1, 0 ) -> 1
A8: 73389452 | B8: 7288704 | C8: 44723 | D8: 79 | E8: =IF( ISNA( _xlfn.XLOOKUP( payments_raw[[#This Row],[subscription_id]], subscriptions[subscription_id], subscriptions[subscription_id] ) ), 0, 1 ) -> 1 | F8: =_xlfn.XLOOKUP(payments_raw[[#This Row],[subscription_id]], subscriptions[subscription_id], subscriptions[start_date]) -> 44704 | G8: =IF(_xlfn.XLOOKUP(payments_raw[[#This Row],[subscription_id]], subscriptions[subscription_id], subscriptions[end_date])=0,"",_xlfn.XLOOKUP(payments_raw[[#This Row],[subscription_id]], subscriptions[subscription_id], subscriptions[end_date])) -> 44830 | H8: =IF(payments_raw[[#This Row],[payment_date]] < payments_raw[[#This Row],[sub_start_date]], 1, 0) -> 0 | I8: =IF(AND(payments_raw[[#This Row],[sub_end_date]]<>"", payments_raw[[#This Row],[payment_date]] > payments_raw[[#This Row],[sub_end_date]]), 1, 0) -> 0 | J8: =IF(payments_raw[[#This Row],[amount]] <= 0, 1, 0) -> 0 | K8: =IF( AND( payments_raw[[#This Row],[subscription_exists]]=1, payments_raw[[#This Row],[before_start]]=0, payments_raw[[#This Row],[after_end]]=0, payments_raw[[#This Row],[invalid_amount]]=0 ), 1, 0 ) -> 1
A9: 36542426 | B9: 2728894 | C9: 44754 | D9: 19 | E9: =IF( ISNA( _xlfn.XLOOKUP( payments_raw[[#This Row],[subscription_id]], subscriptions[subscription_id], subscriptions[subscription_id] ) ), 0, 1 ) -> 1 | F9: =_xlfn.XLOOKUP(payments_raw[[#This Row],[subscription_id]], subscriptions[subscription_id], subscriptions[start_date]) -> 44743 | G9: =IF(_xlfn.XLOOKUP(payments_raw[[#This Row],[subscription_id]], subscriptions[subscription_id], subscriptions[end_date])=0,"",_xlfn.XLOOKUP(payments_raw[[#This Row],[subscription_id]], subscriptions[subscription_id], subscriptions[end_date])) -> 45081 | H9: =IF(payments_raw[[#This Row],[payment_date]] < payments_raw[[#This Row],[sub_start_date]], 1, 0) -> 0 | I9: =IF(AND(payments_raw[[#This Row],[sub_end_date]]<>"", payments_raw[[#This Row],[payment_date]] > payments_raw[[#This Row],[sub_end_date]]), 1, 0) -> 0 | J9: =IF(payments_raw[[#This Row],[amount]] <= 0, 1, 0) -> 0 | K9: =IF( AND( payments_raw[[#This Row],[subscription_exists]]=1, payments_raw[[#This Row],[before_start]]=0, payments_raw[[#This Row],[after_end]]=0, payments_raw[[#This Row],[invalid_amount]]=0 ), 1, 0 ) -> 1
A10: 31248859 | B10: 1675388 | C10: 45145 | D10: 190 | E10: =IF( ISNA( _xlfn.XLOOKUP( payments_raw[[#This Row],[subscription_id]], subscriptions[subscription_id], subscriptions[subscription_id] ) ), 0, 1 ) -> 1 | F10: =_xlfn.XLOOKUP(payments_raw[[#This Row],[subscription_id]], subscriptions[subscription_id], subscriptions[start_date]) -> 44835 | G10: =IF(_xlfn.XLOOKUP(payments_raw[[#This Row],[subscription_id]], subscriptions[subscription_id], subscriptions[end_date])=0,"",_xlfn.XLOOKUP(payments_raw[[#This Row],[subscription_id]], subscriptions[subscription_id], subscriptions[end_date])) | H10: =IF(payments_raw[[#This Row],[payment_date]] < payments_raw[[#This Row],[sub_start_date]], 1, 0) -> 0 | I10: =IF(AND(payments_raw[[#This Row],[sub_end_date]]<>"", payments_raw[[#This Row],[payment_date]] > payments_raw[[#This Row],[sub_end_date]]), 1, 0) -> 0 | J10: =IF(payments_raw[[#This Row],[amount]] <= 0, 1, 0) -> 0 | K10: =IF( AND( payments_raw[[#This Row],[subscription_exists]]=1, payments_raw[[#This Row],[before_start]]=0, payments_raw[[#This Row],[after_end]]=0, payments_raw[[#This Row],[invalid_amount]]=0 ), 1, 0 ) -> 1
A11: 83729641 | B11: 3860246 | C11: 45397 | D11: 2990 | E11: =IF( ISNA( _xlfn.XLOOKUP( payments_raw[[#This Row],[subscription_id]], subscriptions[subscription_id], subscriptions[subscription_id] ) ), 0, 1 ) -> 1 | F11: =_xlfn.XLOOKUP(payments_raw[[#This Row],[subscription_id]], subscriptions[subscription_id], subscriptions[start_date]) -> 45326 | G11: =IF(_xlfn.XLOOKUP(payments_raw[[#This Row],[subscription_id]], subscriptions[subscription_id], subscriptions[end_date])=0,"",_xlfn.XLOOKUP(payments_raw[[#This Row],[subscription_id]], subscriptions[subscription_id], subscriptions[end_date])) -> 45529 | H11: =IF(payments_raw[[#This Row],[payment_date]] < payments_raw[[#This Row],[sub_start_date]], 1, 0) -> 0 | I11: =IF(AND(payments_raw[[#This Row],[sub_end_date]]<>"", payments_raw[[#This Row],[payment_date]] > payments_raw[[#This Row],[sub_end_date]]), 1, 0) -> 0 | J11: =IF(payments_raw[[#This Row],[amount]] <= 0, 1, 0) -> 0 | K11: =IF( AND( payments_raw[[#This Row],[subscription_exists]]=1, payments_raw[[#This Row],[before_start]]=0, payments_raw[[#This Row],[after_end]]=0, payments_raw[[#This Row],[invalid_amount]]=0 ), 1, 0 ) -> 1
A12: 75301591 | B12: 3578194 | C12: 45272 | D12: 2990 | E12: =IF( ISNA( _xlfn.XLOOKUP( payments_raw[[#This Row],[subscription_id]], subscriptions[subscription_id], subscriptions[subscription_id] ) ), 0, 1 ) -> 1 | F12: =_xlfn.XLOOKUP(payments_raw[[#This Row],[subscription_id]], subscriptions[subscription_id], subscriptions[start_date]) -> 44651 | G12: =IF(_xlfn.XLOOKUP(payments_raw[[#This Row],[subscription_id]], subscriptions[subscription_id], subscriptions[end_date])=0,"",_xlfn.XLOOKUP(payments_raw[[#This Row],[subscription_id]], subscriptions[subscription_id], subscriptions[end_date])) | H12: =IF(payments_raw[[#This Row],[payment_date]] < payments_raw[[#This Row],[sub_start_date]], 1, 0) -> 0 | I12: =IF(AND(payments_raw[[#This Row],[sub_end_date]]<>"", payments_raw[[#This Row],[payment_date]] > payments_raw[[#This Row],[sub_end_date]]), 1, 0) -> 0 | J12: =IF(payments_raw[[#This Row],[amount]] <= 0, 1, 0) -> 0 | K12: =IF( AND( payments_raw[[#This Row],[subscription_exists]]=1, payments_raw[[#This Row],[before_start]]=0, payments_raw[[#This Row],[after_end]]=0, payments_raw[[#This Row],[invalid_amount]]=0 ), 1, 0 ) -> 1
A13: 68096981 | B13: 1854070 | C13: 45538 | D13: 39 | E13: =IF( ISNA( _xlfn.XLOOKUP( payments_raw[[#This Row],[subscription_id]], subscriptions[subscription_id], subscriptions[subscription_id] ) ), 0, 1 ) -> 1 | F13: =_xlfn.XLOOKUP(payments_raw[[#This Row],[subscription_id]], subscriptions[subscription_id], subscriptions[start_date]) -> 45427 | G13: =IF(_xlfn.XLOOKUP(payments_raw[[#This Row],[subscription_id]], subscriptions[subscription_id], subscriptions[end_date])=0,"",_xlfn.XLOOKUP(payments_raw[[#This Row],[subscription_id]], subscriptions[subscription_id], subscriptions[end_date])) | H13: =IF(payments_raw[[#This Row],[payment_date]] < payments_raw[[#This Row],[sub_start_date]], 1, 0) -> 0 | I13: =IF(AND(payments_raw[[#This Row],[sub_end_date]]<>"", payments_raw[[#This Row],[payment_date]] > payments_raw[[#This Row],[sub_end_date]]), 1, 0) -> 0 | J13: =IF(payments_raw[[#This Row],[amount]] <= 0, 1, 0) -> 0 | K13: =IF( AND( payments_raw[[#This Row],[subscription_exists]]=1, payments_raw[[#This Row],[before_start]]=0, payments_raw[[#This Row],[after_end]]=0, payments_raw[[#This Row],[invalid_amount]]=0 ), 1, 0 ) -> 1
... A3501: 57825619 | B3501: 1054096 | C3501: 45362 | D3501: 299 | E3501: =IF( ISNA( _xlfn.XLOOKUP( payments_raw[[#This Row],[subscription_id]], subscriptions[subscription_id], subscriptions[subscription_id] ) ), 0, 1 ) -> 1 | F3501: =_xlfn.XLOOKUP(payments_raw[[#This Row],[subscription_id]], subscriptions[subscription_id], subscriptions[start_date]) -> 45199 | G3501: =IF(_xlfn.XLOOKUP(payments_raw[[#This Row],[subscription_id]], subscriptions[subscription_id], subscriptions[end_date])=0,"",_xlfn.XLOOKUP(payments_raw[[#This Row],[subscription_id]], subscriptions[subscription_id], subscriptions[end_date])) | H3501: =IF(payments_raw[[#This Row],[payment_date]] < payments_raw[[#This Row],[sub_start_date]], 1, 0) -> 0 | I3501: =IF(AND(payments_raw[[#This Row],[sub_end_date]]<>"", payments_raw[[#This Row],[payment_date]] > payments_raw[[#This Row],[sub_end_date]]), 1, 0) -> 0 | J3501: =IF(payments_raw[[#This Row],[amount]] <= 0, 1, 0) -> 0 | K3501: =IF( AND( payments_raw[[#This Row],[subscription_exists]]=1, payments_raw[[#This Row],[before_start]]=0, payments_raw[[#This Row],[after_end]]=0, payments_raw[[#This Row],[invalid_amount]]=0 ), 1, 0 ) -> 1

Sheet marketing_events_clean
A1: event_id | B1: customer_id | C1: event_date | D1: channel | E1: customer_exists
A2: 834851529 | B2: 870214 | C2: 45419 | D2: Organic Search | E2: =IF(ISNUMBER(MATCH(marketing_events_raw[[#This Row],[customer_id]], customers_clean!A:A, 0)), 1, 0) -> 1
A3: 398267281 | B3: 894586 | C3: 45058 | D3: Organic Search | E3: =IF(ISNUMBER(MATCH(marketing_events_raw[[#This Row],[customer_id]], customers_clean!A:A, 0)), 1, 0) -> 1
A4: 814585584 | B4: 653429 | C4: 45452 | D4: Organic Search | E4: =IF(ISNUMBER(MATCH(marketing_events_raw[[#This Row],[customer_id]], customers_clean!A:A, 0)), 1, 0) -> 1
A5: 446253503 | B5: 555791 | C5: 45053 | D5: Partner | E5: =IF(ISNUMBER(MATCH(marketing_events_raw[[#This Row],[customer_id]], customers_clean!A:A, 0)), 1, 0) -> 1
A6: 914593189 | B6: 910326 | C6: 45116 | D6: Organic Search | E6: =IF(ISNUMBER(MATCH(marketing_events_raw[[#This Row],[customer_id]], customers_clean!A:A, 0)), 1, 0) -> 1
A7: 478026991 | B7: 297509 | C7: 44586 | D7: Facebook Ads | E7: =IF(ISNUMBER(MATCH(marketing_events_raw[[#This Row],[customer_id]], customers_clean!A:A, 0)), 1, 0) -> 1
A8: 373552584 | B8: 288056 | C8: 45345 | D8: Organic Search | E8: =IF(ISNUMBER(MATCH(marketing_events_raw[[#This Row],[customer_id]], customers_clean!A:A, 0)), 1, 0) -> 1
A9: 394846466 | B9: 972089 | C9: 44393 | D9: Google Ads | E9: =IF(ISNUMBER(MATCH(marketing_events_raw[[#This Row],[customer_id]], customers_clean!A:A, 0)), 1, 0) -> 1
A10: 156160043 | B10: 774079 | C10: 45173 | D10: LinkedIn Ads | E10: =IF(ISNUMBER(MATCH(marketing_events_raw[[#This Row],[customer_id]], customers_clean!A:A, 0)), 1, 0) -> 1
A11: 579329976 | B11: 379766 | C11: 45073 | D11: LinkedIn Ads | E11: =IF(ISNUMBER(MATCH(marketing_events_raw[[#This Row],[customer_id]], customers_clean!A:A, 0)), 1, 0) -> 1
A12: 944923676 | B12: 571980 | C12: 45231 | D12: Partner | E12: =IF(ISNUMBER(MATCH(marketing_events_raw[[#This Row],[customer_id]], customers_clean!A:A, 0)), 1, 0) -> 1
A13: 670108036 | B13: 549622 | C13: 44653 | D13: Referral | E13: =IF(ISNUMBER(MATCH(marketing_events_raw[[#This Row],[customer_id]], customers_clean!A:A, 0)), 1, 0) -> 1
... A1801: 470614696 | B1801: 957266 | C1801: 45653 | D1801: Facebook Ads | E1801: =IF(ISNUMBER(MATCH(marketing_events_raw[[#This Row],[customer_id]], customers_clean!A:A, 0)), 1, 0) -> 1
